ZipCode,Population,case_count_cumulative,case_count_last_30_days,case_count_last_14_days,case_count_per_100K_cumulative,case_count_per_100K_last_30_days,case_count_per_100K_last_14_days,population_density,num_universities,num_uni_students
43001,2810,85,37,19,3024.9,1316.7,676.2,92.6,0,0
43002,3744,None,None,None,None,None,None,2763.0,0,0
43003,3005,52,34,19,1730.4,1131.4,632.3,67.7,0,0
43004,26139,1362,494,212,5210.6,1889.9,811,1874.8,0,0
43005,201,None,None,None,None,None,None,185.8,0,0
43006,655,13,11,None,1984.7,1679.4,None,29.4,0,0
43007,None,None,None,None,None,None,None,None,0,0
43008,2614,60,36,20,2295.3,1377.2,765.1,1258.5,0,0
43009,2453,39,25,13,1589.9,1019.2,530,59.0,0,0
43010,260,11,None,None,4230.8,None,None,1511.4,0,0
43011,7722,173,79,43,2240.4,1023.1,556.9,93.6,0,0
43013,809,31,14,5,3831.9,1730.5,618,50.1,0,0
43014,3507,78,50,14,2224.1,1425.7,399.2,54.6,0,0
43015,55462,1673,855,466,3016.5,1541.6,840.2,394.4,1,1734
43016,36260,1367,617,285,3770.0,1701.6,786,1885.0,0,0
43017,40649,1598,672,282,3931.2,1653.2,693.7,2270.2,0,0
43018,None,None,None,None,None,None,None,None,0,0
43019,9295,205,106,38,2205.5,1140.4,408.8,90.8,0,0
43021,12327,413,189,92,3350.4,1533.2,746.3,283.1,0,0
43022,4500,45,23,5,1000.0,511.1,111.1,98.2,1,1662
43023,13864,356,142,68,2567.8,1024.2,490.5,241.9,1,2278
43025,5100,147,67,26,2882.4,1313.7,509.8,164.4,0,0
43026,62169,2476,1027,469,3982.7,1651.9,754.4,1644.8,0,0
43027,None,None,None,None,None,None,None,None,0,0
43028,8335,213,139,39,2555.5,1667.7,467.9,144.0,0,0
43029,563,16,8,None,2841.9,1421.0,None,26.7,0,0
43030,113,6,None,None,5309.7,None,None,2613.1,0,0
43031,13408,361,183,69,2692.4,1364.9,514.6,138.6,0,0
43032,19,None,None,None,None,None,None,2599.4,0,0
43033,298,10,5,None,3355.7,1677.9,None,921.4,0,0
43035,27011,938,379,192,3472.7,1403.1,710.8,1151.5,0,0
43036,270,11,None,None,4074.1,None,None,1233.9,0,0
43037,301,8,6,None,2657.8,1993.4,None,79.5,0,0
43040,34169,1426,793,277,4173.4,2320.8,810.7,191.7,0,0
43041,None,None,None,None,None,None,None,None,0,0
43044,4866,137,78,29,2815.5,1603.0,596,66.5,0,0
43045,1982,45,32,11,2270.4,1614.5,555,45.1,0,0
43046,3812,118,61,23,3095.5,1600.2,603.4,135.4,0,0
43047,None,None,None,None,None,None,None,None,0,0
43048,None,None,None,None,None,None,None,None,0,0
43050,28508,724,423,178,2539.6,1483.8,624.4,181.5,1,2317
43054,26953,903,366,151,3350.3,1357.9,560.2,1079.7,0,0
43055,61904,1991,984,421,3216.3,1589.6,680.1,529.2,1,3567
43056,19039,610,321,119,3203.9,1686.0,625,205.9,0,0
43058,None,None,None,None,None,None,None,None,0,0
43060,2809,50,29,9,1780.0,1032.4,320.4,96.8,0,0
43061,4278,126,77,42,2945.3,1799.9,981.8,86.5,0,0
43062,29460,1163,484,212,3947.7,1642.9,719.6,348.8,0,0
43064,14243,522,238,111,3665.0,1671.0,779.3,129.6,0,0
43065,42782,1299,530,256,3036.3,1238.8,598.4,1372.7,0,0
43066,1239,29,14,7,2340.6,1129.9,565,36.2,0,0
43067,1458,41,30,10,2812.1,2057.6,685.9,34.7,0,0
43068,55225,2854,1097,421,5167.9,1986.4,762.3,2783.9,0,0
43070,159,9,7,7,5660.4,4402.5,4402.5,779.3,0,0
43071,1986,79,46,24,3977.8,2316.2,1208.5,68.2,0,0
43072,5701,146,75,29,2561.0,1315.6,508.7,76.7,0,0
43073,None,None,None,None,None,None,None,None,0,0
43074,13229,355,174,90,2683.5,1315.3,680.3,136.4,0,0
43076,8421,331,112,64,3930.6,1330.0,760,118.8,0,0
43077,369,10,None,None,2710.0,None,None,1753.1,0,0
43078,20446,616,312,152,3012.8,1526.0,743.4,136.0,0,0
43080,5254,149,65,25,2835.9,1237.2,475.8,78.9,0,0
43081,61572,2137,894,385,3470.7,1452.0,625.3,2214.7,1,2791
43082,33636,892,381,178,2651.9,1132.7,529.2,1334.6,0,0
43083,None,None,None,None,None,None,None,None,0,0
43084,766,6,None,None,783.3,None,None,40.4,0,0
43085,26216,812,251,100,3097.3,957.4,381.4,3192.2,0,0
43086,None,None,None,None,None,None,None,None,0,0
43093,None,None,None,None,None,None,None,None,0,0
43098,None,None,None,None,None,None,None,None,0,0
43101,285,9,6,None,3157.9,2105.3,None,1454.0,0,0
43102,4500,151,81,31,3355.6,1800.0,688.9,77.7,0,0
43103,11006,359,151,68,3261.9,1372.0,617.8,136.8,0,0
43105,7626,222,124,62,2911.1,1626.0,813,150.8,0,0
43106,1589,65,12,None,4090.6,755.2,None,44.0,0,0
43107,3399,86,49,21,2530.2,1441.6,617.8,112.9,0,0
43109,82,None,None,None,None,None,None,876.1,0,0
43110,38817,1531,560,272,3944.1,1442.7,700.7,697.8,0,0
43111,289,None,None,None,None,None,None,462.5,0,0
43112,4945,175,80,48,3538.9,1617.8,970.7,117.4,0,0
43113,24341,626,287,131,2571.8,1179.1,538.2,141.7,1,4058
43115,1493,34,19,None,2277.3,1272.6,None,32.8,0,0
43116,1563,105,61,17,6717.9,3902.8,1087.7,1517.0,0,0
43117,212,None,None,None,None,None,None,3691.5,0,0
43119,28551,1044,404,212,3656.6,1415.0,742.5,881.4,0,0
43123,65442,2416,947,422,3691.8,1447.1,644.8,994.6,0,0
43125,13551,491,160,69,3623.3,1180.7,509.2,393.4,0,0
43126,498,11,7,5,2208.8,1405.6,1004.0,798.7,0,0
43127,240,None,None,None,None,None,None,97.5,0,0
43128,2558,59,27,13,2306.5,1055.5,508.2,47.8,0,0
43130,61259,2404,1129,542,3924.3,1843.0,884.8,368.5,0,0
43135,3914,90,46,18,2299.4,1175.3,459.9,45.9,0,0
43136,690,71,28,13,10289.9,4058.0,1884.1,1681.9,0,0
43137,2276,66,30,13,2899.8,1318.1,571.2,47.4,0,0
43138,18107,520,328,108,2871.8,1811.5,596.5,105.9,0,0
43140,24514,1148,322,172,4683.0,1313.5,701.6,108.1,0,0
43142,102,None,None,None,None,None,None,2228.5,0,0
43143,5762,179,82,40,3106.6,1423.1,694.2,41.9,0,0
43144,401,8,None,None,1995.0,None,None,56.6,0,0
43145,2189,61,28,13,2786.7,1279.1,593.9,30.1,0,0
43146,12275,2871,290,116,23389.0,2362.5,945,157.3,0,0
43147,41000,1706,667,324,4161.0,1626.8,790.2,1342.1,0,0
43148,2350,46,14,None,1957.4,595.7,None,101.2,0,0
43149,2414,60,42,23,2485.5,1739.9,952.8,54.2,0,0
43150,2158,83,51,29,3846.2,2363.3,1343.8,88.2,0,0
43151,316,21,8,None,6645.6,2531.6,None,780.7,0,0
43152,787,7,None,None,889.5,None,None,20.0,0,0
43153,742,26,10,5,3504.0,1347.7,673.9,17.4,0,0
43154,3770,79,36,15,2095.5,954.9,397.9,135.5,0,0
43155,2669,85,47,18,3184.7,1761.0,674.4,68.6,0,0
43156,201,6,None,None,2985.1,None,None,762.4,0,0
43157,648,14,7,6,2160.5,1080.2,925.9,1484.5,0,0
43158,345,5,None,None,1449.3,None,None,136.7,0,0
43160,21854,783,385,113,3582.9,1761.7,517.1,103.7,0,0
43162,7189,178,85,52,2476.0,1182.4,723.3,147.6,0,0
43163,None,None,None,None,None,None,None,None,0,0
43164,2233,47,27,11,2104.8,1209.1,492.6,41.6,0,0
43195,None,None,None,None,None,None,None,None,0,0
43196,None,None,None,None,None,None,None,None,0,0
43198,None,None,None,None,None,None,None,None,0,0
43199,None,None,None,None,None,None,None,None,0,0
43201,33455,3243,666,253,9693.6,1990.7,756.2,9531.7,0,0
43202,21141,670,258,104,3169.2,1220.4,491.9,8174.4,0,0
43203,8368,342,104,49,4087.0,1242.8,585.6,5305.8,0,0
43204,42463,1476,445,194,3476.0,1048.0,456.9,4256.3,0,0
43205,12725,474,191,79,3725.0,1501.0,620.8,5180.8,0,0
43206,22677,777,310,146,3426.4,1367.0,643.8,7375.9,0,0
43207,47265,1714,535,224,3626.4,1131.9,473.9,1973.9,0,0
43209,28516,851,326,181,2984.3,1143.2,634.7,4411.7,1,3494
43210,12530,1290,251,109,10295.3,2003.2,869.9,6688.9,1,58322
43211,23453,749,200,77,3193.6,852.8,328.3,4682.9,0,0
43212,21350,869,382,153,4070.3,1789.2,716.6,5067.2,0,0
43213,33551,1369,427,210,4080.4,1272.7,625.9,3516.9,0,0
43214,26229,815,310,129,3107.2,1181.9,491.8,3877.4,0,0
43215,14440,1048,441,193,7257.6,3054.0,1336.6,2260.1,3,31684
43216,None,None,None,None,None,None,None,None,0,0
43217,2440,60,15,7,2459.0,614.8,286.9,628.4,0,0
43218,None,None,None,None,None,None,None,None,0,0
43219,30526,1654,409,159,5418.3,1339.8,520.9,1669.1,1,2942
43220,26549,840,329,157,3164.0,1239.2,591.4,3726.1,0,0
43221,32913,965,420,197,2932.0,1276.1,598.5,3379.9,0,0
43222,4529,197,35,20,4349.7,772.8,441.6,2892.8,1,897
43223,25963,1285,255,107,4949.4,982.2,412.1,2260.2,0,0
43224,44678,1857,466,197,4156.4,1043.0,440.9,4658.1,0,0
43226,None,None,None,None,None,None,None,None,0,0
43227,24296,1021,335,141,4202.3,1378.8,580.3,5844.2,0,0
43228,54362,2546,731,312,4683.4,1344.7,573.9,2612.6,0,0
43229,53693,2784,666,328,5185.0,1240.4,610.9,5392.4,0,0
43230,58167,2103,827,355,3615.5,1421.8,610.3,2551.7,0,0
43231,21828,1143,339,127,5236.4,1553.1,581.8,4487.4,0,0
43232,45352,1843,568,261,4063.8,1252.4,575.5,3346.7,1,169
43234,None,None,None,None,None,None,None,None,0,0
43235,42673,1485,570,261,3480.0,1335.7,611.6,3019.9,1,138
43236,None,None,None,None,None,None,None,None,0,0
43240,4295,197,85,36,4586.7,1979.0,838.2,1490.9,0,0
43251,None,None,None,None,None,None,None,None,0,0
43260,None,None,None,None,None,None,None,None,0,0
43265,None,None,None,None,None,None,None,None,0,0
43266,None,None,None,None,None,None,None,None,0,0
43268,None,None,None,None,None,None,None,None,0,0
43270,None,None,None,None,None,None,None,None,0,0
43271,None,None,None,None,None,None,None,None,0,0
43272,None,None,None,None,None,None,None,None,0,0
43279,None,None,None,None,None,None,None,None,0,0
43287,None,None,None,None,None,None,None,None,0,0
43291,None,None,None,None,None,None,None,None,0,0
43299,None,None,None,None,None,None,None,None,0,0
43301,None,None,None,None,None,None,None,None,0,0
43302,54023,4372,1110,508,8092.8,2054.7,940.3,278.5,1,2468
43306,None,None,None,None,None,None,None,None,0,0
43307,None,None,None,None,None,None,None,None,0,0
43310,2841,84,48,25,2956.7,1689.5,880,51.3,0,0
43311,18946,660,343,108,3483.6,1810.4,570,187.4,0,0
43314,3033,96,50,26,3165.2,1648.5,857.2,57.8,0,0
43315,7272,157,82,34,2159.0,1127.6,467.5,87.4,0,0
43316,5869,171,88,24,2913.6,1499.4,408.9,83.6,0,0
43317,153,6,None,None,3921.6,None,None,739.2,0,0
43318,4537,92,43,21,2027.8,947.8,462.9,75.8,0,0
43319,926,22,12,None,2375.8,1295.9,None,43.2,0,0
43320,1524,49,23,13,3215.2,1509.2,853,50.9,0,0
43321,256,None,None,None,None,None,None,387.1,0,0
43322,355,10,8,None,2816.9,2253.5,None,1002.8,0,0
43323,699,26,14,5,3719.6,2002.9,715.3,16.3,0,0
43324,2963,84,40,16,2835.0,1350.0,540,78.4,0,0
43325,None,None,None,None,None,None,None,None,0,0
43326,13745,514,326,206,3739.5,2371.8,1498.7,71.8,0,0
43330,119,None,None,None,None,None,None,983.7,0,0
43331,4507,149,96,28,3306.0,2130.0,621.3,126.3,0,0
43332,1734,55,34,19,3171.9,1960.8,1095.7,27.0,0,0
43333,509,20,8,None,3929.3,1571.7,None,18.9,0,0
43334,6317,157,91,41,2485.4,1440.6,649,104.0,0,0
43335,None,None,None,None,None,None,None,None,0,0
43336,None,None,None,None,None,None,None,483.5,0,0
43337,1149,37,23,11,3220.2,2001.7,957.4,34.8,0,0
43338,10164,372,157,77,3660.0,1544.7,757.6,105.4,0,0
43340,1845,39,27,9,2113.8,1463.4,487.8,41.4,0,0
43341,948,38,22,13,4008.4,2320.7,1371.3,63.6,0,0
43342,2861,115,59,18,4019.6,2062.2,629.2,75.6,0,0
43343,1012,36,16,10,3557.3,1581.0,988.1,41.0,0,0
43344,5996,128,78,24,2134.8,1300.9,400.3,55.7,0,0
43345,742,35,21,12,4717.0,2830.2,1617.3,24.8,0,0
43346,None,None,None,None,None,None,None,None,0,0
43347,1501,36,19,11,2398.4,1265.8,732.8,47.3,0,0
43348,1736,61,42,19,3513.8,2419.4,1094.5,609.5,0,0
43349,None,None,None,None,None,None,None,None,0,0
43350,None,None,None,None,None,None,None,None,0,0
43351,10013,417,241,77,4164.6,2406.9,769,69.5,0,0
43356,1388,37,16,6,2665.7,1152.7,432.3,45.5,0,0
43357,3921,112,78,32,2856.4,1989.3,816.1,68.7,0,0
43358,2588,70,40,15,2704.8,1545.6,579.6,46.5,0,0
43359,818,21,8,5,2567.2,978,611.2,33.7,0,0
43360,1600,39,24,13,2437.5,1500.0,812.5,57.7,0,0
43402,32259,1422,511,214,4408.1,1584.1,663.4,291.4,0,0
43403,5501,185,60,29,3363.0,1090.7,527.2,26766.8,1,17959
43406,1920,58,14,None,3020.8,729.2,None,94.5,0,0
43407,729,16,None,None,2194.8,None,None,46.7,0,0
43408,270,15,6,None,5555.6,2222.2,None,444.2,0,0
43410,10030,338,167,59,3369.9,1665.0,588.2,199.8,0,0
43412,4373,128,60,19,2927.1,1372.1,434.5,151.7,0,0
43413,1522,44,20,12,2890.9,1314.1,788.4,41.4,0,0
43414,None,None,None,None,None,None,None,None,0,0
43416,2989,74,38,21,2475.7,1271.3,702.6,103.3,0,0
43420,30133,860,436,187,2854.0,1446.9,620.6,220.2,1,3222
43430,4504,176,64,24,3907.6,1421.0,532.9,199.4,0,0
43431,4868,208,55,19,4272.8,1129.8,390.3,92.3,0,0
43432,1278,38,14,9,2973.4,1095.5,704.2,64.2,0,0
43433,85,None,None,None,None,None,None,40.0,0,0
43434,61,None,None,None,None,None,None,6837.2,0,0
43435,1345,41,24,None,3048.3,1784.4,None,38.5,0,0
43436,None,None,None,None,None,None,None,None,0,0
43437,578,11,None,None,1903.1,None,None,474.0,0,0
43438,202,6,5,None,2970.3,2475.2,None,38.6,0,0
43439,53,None,None,None,None,None,None,397.7,0,0
43440,4738,145,87,30,3060.4,1836.2,633.2,266.1,0,0
43441,None,None,None,None,None,None,None,None,0,0
43442,1170,16,8,None,1367.5,683.8,None,68.1,0,0
43443,1920,53,27,11,2760.4,1406.3,572.9,154.1,0,0
43445,1239,26,12,7,2098.5,968.5,565,58.5,0,0
43446,88,None,None,None,None,None,None,118.6,0,0
43447,3645,119,51,13,3264.7,1399.2,356.7,199.8,0,0
43449,8219,183,94,38,2226.5,1143.7,462.3,93.7,0,0
43450,3636,104,47,16,2860.3,1292.6,440,84.5,0,0
43451,1251,29,10,None,2318.1,799.4,None,35.6,0,0
43452,13674,469,226,72,3429.9,1652.8,526.5,262.0,0,0
43456,291,51,None,None,17525.8,None,None,137.1,0,0
43457,1536,54,24,11,3515.6,1562.5,716.1,74.1,0,0
43458,521,None,None,None,None,None,None,391.4,0,0
43460,6498,251,107,38,3862.7,1646.7,584.8,2086.6,0,0
43462,1191,32,17,12,2686.8,1427.4,1007.6,40.0,0,0
43463,39,None,None,None,None,None,None,2134.4,0,0
43464,1377,44,21,None,3195.4,1525.1,None,38.0,0,0
43465,5273,163,65,26,3091.2,1232.7,493.1,481.8,0,0
43466,2059,53,30,10,2574.1,1457.0,485.7,84.3,0,0
43467,85,None,None,None,None,None,None,334.5,0,0
43468,401,35,17,5,8728.2,4239.4,1246.9,492.6,0,0
43469,2948,90,54,22,3052.9,1831.8,746.3,128.7,0,0
43501,870,23,13,None,2643.7,1494.3,None,26.5,0,0
43502,6609,201,118,47,3041.3,1785.4,711.2,97.8,1,3612
43504,1261,31,19,7,2458.4,1506.7,555.1,77.8,0,0
43505,52,None,None,None,None,None,None,642.6,0,0
43506,14192,478,278,106,3368.1,1958.9,746.9,142.6,0,0
43510,None,None,None,None,None,None,None,None,0,0
43511,1075,23,7,None,2139.5,651.2,None,19.2,0,0
43512,27951,1204,621,180,4307.5,2221.7,644,126.2,1,920
43515,8582,197,109,48,2295.5,1270.1,559.3,100.7,0,0
43516,2742,92,43,17,3355.2,1568.2,620,42.1,0,0
43517,4134,108,54,15,2612.5,1306.2,362.8,58.5,0,0
43518,2524,76,46,18,3011.1,1822.5,713.2,37.4,0,0
43519,333,5,None,None,1501.5,None,None,167.2,0,0
43520,None,None,None,None,None,None,None,None,0,0
43521,2742,80,51,23,2917.6,1860.0,838.8,42.6,0,0
43522,3291,68,35,15,2066.2,1063.5,455.8,85.1,0,0
43523,20,None,None,None,None,None,None,45.2,0,0
43524,1302,33,12,None,2534.6,921.7,None,37.3,0,0
43525,1096,47,18,6,4288.3,1642.3,547.4,1058.8,0,0
43526,5890,203,137,42,3446.5,2326.0,713.1,71.2,0,0
43527,1986,161,79,36,8106.7,3977.8,1812.7,44.4,0,0
43528,15919,685,280,141,4303.0,1758.9,885.7,884.2,0,0
43529,328,None,None,None,None,None,None,389.0,0,0
43530,None,None,None,None,None,None,None,None,0,0
43531,308,None,None,None,None,None,None,475.6,0,0
43532,3972,84,30,13,2114.8,755.3,327.3,88.1,0,0
43533,1702,41,17,7,2408.9,998.8,411.3,55.6,0,0
43534,1739,54,25,13,3105.2,1437.6,747.6,44.7,0,0
43535,719,28,13,None,3894.3,1808.1,None,34.2,0,0
43536,161,8,6,None,4968.9,3726.7,None,42.1,0,0
43537,27097,1226,535,267,4524.5,1974.4,985.3,1399.6,0,0
43540,1358,47,23,5,3461.0,1693.7,368.2,88.9,0,0
43541,140,6,None,None,4285.7,None,None,359.7,0,0
43542,3687,172,89,52,4665.0,2413.9,1410.4,261.4,0,0
43543,7785,216,144,42,2774.6,1849.7,539.5,95.1,0,0
43545,14182,579,228,77,4082.6,1607.7,542.9,105.1,0,0
43547,179,6,6,5,3352.0,3352.0,2793.3,773.4,0,0
43548,587,29,10,None,4940.4,1703.6,None,26.8,0,0
43549,1310,40,26,10,3053.4,1984.7,763.4,48.2,0,0
43550,None,None,None,None,None,None,None,None,0,0
43551,38839,1678,736,329,4320.4,1895.0,847.1,464.2,1,20160
43552,None,None,None,None,None,None,None,None,0,0
43553,139,14,5,None,10071.9,3597.1,None,995.8,0,0
43554,2371,71,51,11,2994.5,2151.0,463.9,75.8,0,0
43555,313,8,6,None,2555.9,1916.9,None,567.6,0,0
43556,1765,50,34,17,2832.9,1926.3,963.2,65.7,0,0
43557,3324,119,47,23,3580.0,1414.0,691.9,74.2,0,0
43558,12662,468,230,96,3696.1,1816.5,758.2,156.8,0,0
43560,32275,1347,612,261,4173.5,1896.2,808.7,1542.5,1,2035
43565,502,10,7,5,1992.0,1394.4,996,2309.1,0,0
43566,7926,342,152,72,4314.9,1917.7,908.4,386.6,0,0
43567,13247,511,247,94,3857.5,1864.6,709.6,115.1,0,0
43569,2896,58,26,16,2002.8,897.8,552.5,88.4,0,0
43570,3195,113,60,23,3536.8,1877.9,719.9,66.7,0,0
43571,7526,273,141,56,3627.4,1873.5,744.1,347.7,0,0
43601,None,None,None,None,None,None,None,None,0,0
43603,None,None,None,None,None,None,None,None,0,0
43604,8920,348,104,49,3901.3,1165.9,549.3,2947.1,1,688
43605,26096,605,185,97,2318.4,708.9,371.7,3431.8,0,0
43606,25219,839,307,153,3326.9,1217.3,606.7,3691.3,1,20626
43607,21117,791,206,112,3745.8,975.5,530.4,3271.4,0,0
43608,14570,431,124,81,2958.1,851.1,555.9,4253.6,0,0
43609,21936,630,195,108,2872.0,888.9,492.3,3754.5,0,0
43610,4343,117,43,25,2694.0,990.1,575.6,3638.9,0,0
43611,18579,619,299,156,3331.7,1609.3,839.7,1903.0,0,0
43612,29686,895,347,161,3014.9,1168.9,542.3,2628.6,0,0
43613,32653,1134,460,216,3472.9,1408.8,661.5,5266.0,0,0
43614,31607,1223,493,264,3869.4,1559.8,835.3,3203.6,0,0
43615,39786,1424,529,259,3579.1,1329.6,651,2454.7,0,0
43616,20380,914,352,181,4484.8,1727.2,888.1,498.6,0,0
43617,7268,281,151,71,3866.3,2077.6,976.9,1263.4,0,0
43618,None,None,None,None,None,None,None,None,0,0
43619,7296,252,110,55,3453.9,1507.7,753.8,687.6,0,0
43620,5863,159,57,36,2711.9,972.2,614,5445.7,0,0
43623,19936,757,357,154,3797.2,1790.7,772.5,3011.4,0,0
43635,None,None,None,None,None,None,None,None,0,0
43652,None,None,None,None,None,None,None,None,0,0
43654,None,None,None,None,None,None,None,None,0,0
43656,None,None,None,None,None,None,None,None,0,0
43657,None,None,None,None,None,None,None,None,0,0
43659,None,None,None,None,None,None,None,None,0,0
43660,None,None,None,None,None,None,None,None,0,0
43661,None,None,None,None,None,None,None,None,0,0
43666,None,None,None,None,None,None,None,None,0,0
43667,None,None,None,None,None,None,None,None,0,0
43681,None,None,None,None,None,None,None,None,0,0
43682,None,None,None,None,None,None,None,None,0,0
43697,None,None,None,None,None,None,None,None,0,0
43699,None,None,None,None,None,None,None,None,0,0
43701,55595,1761,957,492,3167.6,1721.4,885,301.6,1,2100
43702,None,None,None,None,None,None,None,None,0,0
43711,116,None,None,None,None,None,None,112.7,0,0
43713,7066,251,161,64,3552.2,2278.5,905.7,78.9,0,0
43716,1874,49,30,13,2614.7,1600.9,693.7,24.3,0,0
43717,143,6,None,None,4195.8,None,None,616.1,0,0
43718,2926,67,49,11,2289.8,1674.6,375.9,65.8,0,0
43719,2689,62,31,11,2305.7,1152.8,409.1,70.1,0,0
43720,1331,33,22,None,2479.3,1652.9,None,26.6,0,0
43721,81,None,None,None,None,None,None,107.5,0,0
43722,306,None,None,None,None,None,None,406.9,0,0
43723,5185,130,61,27,2507.2,1176.5,520.7,269.5,0,0
43724,9319,500,314,89,5365.4,3369.5,955,59.7,0,0
43725,19592,521,266,153,2659.2,1357.7,780.9,146.5,0,0
43727,1163,48,30,15,4127.3,2579.5,1289.8,16.5,0,0
43728,1602,23,14,8,1435.7,873.9,499.4,35.7,0,0
43730,2287,53,32,19,2317.4,1399.2,830.8,53.0,0,0
43731,5379,144,96,61,2677.1,1784.7,1134.0,109.8,0,0
43732,1448,37,18,7,2555.2,1243.1,483.4,24.3,0,0
43733,None,None,None,None,None,None,None,306.7,0,0
43734,1738,39,30,20,2244.0,1726.1,1150.7,352.5,0,0
43735,438,12,10,None,2739.7,2283.1,None,258.6,0,0
43736,35,None,None,None,None,None,None,763.8,0,0
43738,103,None,None,None,None,None,None,768.6,0,0
43739,2179,51,31,15,2340.5,1422.7,688.4,70.5,0,0
43740,277,5,None,None,1805.1,None,None,1363.4,0,0
43746,1215,25,14,8,2057.6,1152.3,658.4,71.4,0,0
43747,879,19,11,6,2161.5,1251.4,682.6,38.0,0,0
43748,2752,64,35,18,2325.6,1271.8,654.1,78.9,0,0
43749,2376,44,19,8,1851.9,799.7,336.7,28.9,0,0
43750,115,None,None,None,None,None,None,133.1,0,0
43752,None,None,None,None,None,None,None,None,0,0
43754,1618,30,10,None,1854.1,618,None,23.6,0,0
43755,1983,22,8,None,1109.4,403.4,None,40.7,0,0
43756,4834,147,104,61,3041.0,2151.4,1261.9,37.4,0,0
43757,None,None,None,None,None,None,None,None,0,0
43758,3060,60,33,18,1960.8,1078.4,588.2,37.0,0,0
43759,57,None,None,None,None,None,None,343.1,0,0
43760,2138,29,14,10,1356.4,654.8,467.7,54.7,0,0
43761,49,None,None,None,None,None,None,79.6,0,0
43762,5997,154,75,42,2568.0,1250.6,700.4,83.4,1,2074
43764,8750,305,114,56,3485.7,1302.9,640,138.7,0,0
43766,1543,29,14,7,1879.5,907.3,453.7,44.3,0,0
43767,986,42,30,12,4259.6,3042.6,1217.0,40.7,0,0
43768,497,7,6,None,1408.5,1207.2,None,484.7,0,0
43771,1895,43,30,19,2269.1,1583.1,1002.6,63.3,0,0
43772,1880,67,42,12,3563.8,2234.0,638.3,49.1,0,0
43773,3668,73,42,15,1990.2,1145.0,408.9,29.3,0,0
43777,4823,93,57,34,1928.3,1181.8,705,86.6,0,0
43778,1148,26,17,11,2264.8,1480.8,958.2,33.3,0,0
43779,855,40,21,None,4678.4,2456.1,None,26.3,0,0
43780,1697,71,26,14,4183.9,1532.1,825,50.8,0,0
43782,673,13,8,None,1931.6,1188.7,None,61.3,0,0
43783,4731,83,47,17,1754.4,993.4,359.3,78.3,0,0
43786,35,None,None,None,None,None,None,126.7,0,0
43787,3111,27,17,8,867.9,546.4,257.2,33.9,0,0
43788,754,24,18,None,3183.0,2387.3,None,23.8,0,0
43789,None,None,None,None,None,None,None,None,0,0
43791,None,None,None,None,None,None,None,None,0,0
43793,4901,151,45,28,3081.0,918.2,571.3,47.2,0,0
43802,1008,37,26,15,3670.6,2579.4,1488.1,29.7,0,0
43803,None,None,None,None,None,None,None,None,0,0
43804,3786,92,19,None,2430.0,501.8,None,119.1,0,0
43805,81,None,None,None,None,None,None,53.0,0,0
43811,835,25,9,None,2994.0,1077.8,None,42.2,0,0
43812,18640,487,219,69,2612.7,1174.9,370.2,117.4,0,0
43821,4389,148,104,41,3372.1,2369.6,934.2,46.7,0,0
43822,5115,136,89,37,2658.8,1740.0,723.4,57.8,0,0
43824,4116,53,22,13,1287.7,534.5,315.8,44.1,0,0
43828,None,None,None,None,None,None,None,None,0,0
43830,5775,229,141,54,3965.4,2441.6,935.1,122.3,0,0
43832,7349,234,111,61,3184.1,1510.4,830,76.0,0,0
43836,108,None,None,None,None,None,None,884.0,0,0
43837,1658,46,34,12,2774.4,2050.7,723.8,34.8,0,0
43840,1253,33,16,9,2633.7,1276.9,718.3,35.0,0,0
43842,330,10,7,None,3030.3,2121.2,None,581.3,0,0
43843,1062,31,18,7,2919.0,1694.9,659.1,34.0,0,0
43844,3519,83,55,21,2358.6,1562.9,596.8,29.0,0,0
43845,4607,181,124,39,3928.8,2691.6,846.5,162.0,0,0
43901,1984,48,18,10,2419.4,907.3,504,74.8,0,0
43902,116,7,6,None,6034.5,5172.4,None,9.9,0,0
43903,2108,32,13,8,1518.0,616.7,379.5,56.4,0,0
43905,107,None,None,None,None,None,None,470.9,0,0
43906,8643,146,76,30,1689.2,879.3,347.1,262.4,0,0
43907,5760,100,54,28,1736.1,937.5,486.1,36.9,0,0
43908,1599,23,7,None,1438.4,437.8,None,52.8,0,0
43909,None,None,None,None,None,None,None,None,0,0
43910,3208,62,42,22,1932.7,1309.2,685.8,58.9,0,0
43912,6317,135,77,44,2137.1,1218.9,696.5,368.2,0,0
43913,1596,21,11,6,1315.8,689.2,375.9,593.9,0,0
43914,194,5,None,None,2577.3,None,None,24.1,0,0
43915,1172,36,15,6,3071.7,1279.9,511.9,25.7,0,0
43916,None,None,None,None,None,None,None,None,0,0
43917,3380,41,19,8,1213.0,562.1,236.7,88.3,0,0
43920,22290,547,337,191,2454.0,1511.9,856.9,514.6,0,0
43925,425,None,None,None,None,None,None,2740.0,0,0
43926,236,6,6,None,2542.4,2542.4,None,821.2,0,0
43927,124,None,None,None,None,None,None,220.2,0,0
43928,21,None,None,None,None,None,None,116.9,0,0
43930,795,16,11,6,2012.6,1383.6,754.7,21.1,0,0
43931,375,7,5,None,1866.7,1333.3,None,681.9,0,0
43932,836,18,15,11,2153.1,1794.3,1315.8,48.1,0,0
43933,1875,31,22,6,1653.3,1173.3,320,44.6,0,0
43934,466,5,None,None,1073.0,None,None,1410.6,0,0
43935,8870,185,117,51,2085.7,1319.1,575,440.9,0,0
43937,None,None,None,None,None,None,None,None,0,0
43938,5320,95,65,35,1785.7,1221.8,657.9,169.7,0,0
43939,439,8,None,None,1822.3,None,None,649.7,0,0
43940,102,7,None,None,6862.7,None,None,652.0,0,0
43941,None,None,None,None,None,None,None,None,0,0
43942,2767,53,36,8,1915.4,1301.0,289.1,115.5,0,0
43943,3029,53,30,17,1749.8,990.4,561.2,72.0,0,0
43944,2221,44,35,24,1981.1,1575.9,1080.6,91.2,0,0
43945,3189,49,18,9,1536.5,564.4,282.2,49.1,0,0
43946,2136,41,23,9,1919.5,1076.8,421.3,38.0,0,0
43947,5297,147,81,28,2775.2,1529.2,528.6,302.8,0,0
43948,586,None,None,None,None,None,None,869.2,0,0
43950,16446,615,214,64,3739.5,1301.2,389.2,188.6,1,1042
43951,64,None,None,None,None,None,None,1347.1,0,0
43952,18498,518,341,222,2800.3,1843.4,1200.1,715.3,2,5325
43953,11656,263,144,81,2256.3,1235.4,694.9,629.9,0,0
43961,363,5,None,None,1377.4,None,None,508.8,0,0
43962,92,None,None,None,None,None,None,68.1,0,0
43963,1385,24,18,7,1732.9,1299.6,505.4,2822.3,0,0
43964,8642,185,127,95,2140.7,1469.6,1099.3,194.4,0,0
43967,None,None,None,None,None,None,None,206.2,0,0
43968,6212,185,123,80,2978.1,1980.0,1287.8,195.8,0,0
43970,80,None,None,None,None,None,None,241.4,0,0
43971,1100,19,6,None,1727.3,545.5,None,968.8,0,0
43972,121,None,None,None,None,None,None,1756.3,0,0
43973,2281,20,15,9,876.8,657.6,394.6,22.7,0,0
43974,75,None,None,None,None,None,None,1046.9,0,0
43976,1661,39,25,17,2348.0,1505.1,1023.5,73.7,0,0
43977,2289,38,13,None,1660.1,567.9,None,45.4,0,0
43981,None,None,None,None,None,None,None,None,0,0
43983,454,None,None,None,None,None,None,18.5,0,0
43984,None,None,None,None,None,None,None,None,0,0
43985,93,None,None,None,None,None,None,291.1,0,0
43986,2332,30,14,11,1286.4,600.3,471.7,58.7,0,0
43988,2263,36,20,9,1590.8,883.8,397.7,41.8,0,0
44001,21130,466,315,152,2205.4,1490.8,719.4,594.8,0,0
44003,4228,87,57,20,2057.7,1348.2,473,66.2,0,0
44004,31474,745,417,164,2367.0,1324.9,521.1,423.1,0,0
44005,None,None,None,None,None,None,None,None,0,0
44010,1555,36,25,12,2315.1,1607.7,771.7,91.5,0,0
44011,22786,589,336,172,2584.9,1474.6,754.8,1044.0,0,0
44012,23777,642,361,198,2700.1,1518.3,832.7,1654.4,0,0
44017,18903,511,286,137,2703.3,1513.0,724.8,3022.8,1,3979
44021,6244,105,45,25,1681.6,720.7,400.4,142.0,0,0
44022,16604,420,211,122,2529.5,1270.8,734.8,535.3,0,0
44023,17473,419,239,121,2398.0,1367.8,692.5,318.8,0,0
44024,23834,682,424,201,2861.5,1779.0,843.3,257.1,0,0
44026,10989,305,181,93,2775.5,1647.1,846.3,390.2,0,0
44028,9000,189,108,59,2100.0,1200.0,655.6,247.4,0,0
44030,15949,364,200,76,2282.3,1254.0,476.5,263.0,0,0
44032,1516,19,14,None,1253.3,923.5,None,35.2,0,0
44033,None,None,None,None,None,None,None,None,0,0
44035,63318,1459,800,383,2304.2,1263.5,604.9,1318.2,1,12948
44036,None,None,None,None,None,None,None,None,0,0
44039,33018,907,454,250,2747.0,1375.0,757.2,1293.6,0,0
44040,2903,114,71,41,3927.0,2445.7,1412.3,316.3,0,0
44041,14321,369,232,110,2576.6,1620.0,768.1,222.6,0,0
44044,15400,351,160,74,2279.2,1039.0,480.5,282.2,0,0
44045,477,14,10,6,2935.0,2096.4,1257.9,338.1,0,0
44046,2473,47,30,16,1900.5,1213.1,647,125.4,0,0
44047,9122,280,204,71,3069.5,2236.4,778.3,83.1,0,0
44048,2529,44,33,15,1739.8,1304.9,593.1,100.9,0,0
44049,224,None,None,None,None,None,None,713.3,0,0
44050,6384,187,114,69,2929.2,1785.7,1080.8,241.6,0,0
44052,28576,643,392,207,2250.1,1371.8,724.4,2733.6,0,0
44053,18895,489,292,176,2588.0,1545.4,931.5,1445.9,0,0
44054,12613,314,186,95,2489.5,1474.7,753.2,924.8,0,0
44055,19943,448,204,122,2246.4,1022.9,611.7,3126.1,0,0
44056,11808,370,179,88,3133.5,1515.9,745.3,1168.0,0,0
44057,19482,620,448,229,3182.4,2299.6,1175.4,392.2,0,0
44060,60476,1896,1327,590,3135.1,2194.3,975.6,1514.8,0,0
44061,None,None,None,None,None,None,None,None,0,0
44062,14523,321,91,47,2210.3,626.6,323.6,203.3,0,0
44064,1724,47,21,7,2726.2,1218.1,406,75.2,0,0
44065,4522,86,58,30,1901.8,1282.6,663.4,208.7,0,0
44067,20470,650,324,148,3175.4,1582.8,723,1210.6,0,0
44068,None,None,None,None,None,None,None,None,0,0
44070,31847,903,402,235,2835.4,1262.3,737.9,2799.7,0,0
44072,4420,124,67,36,2805.4,1515.8,814.5,234.1,0,0
44073,None,None,None,None,None,None,None,None,0,0
44074,11376,146,105,55,1283.4,923,483.5,240.7,1,2978
44076,5022,87,46,21,1732.4,916,418.2,72.1,0,0
44077,56353,1621,1067,538,2876.5,1893.4,954.7,918.0,1,1155
44080,92,None,None,None,None,None,None,113.7,0,0
44081,7104,176,126,59,2477.5,1773.6,830.5,338.0,0,0
44082,2464,14,10,5,568.2,405.8,202.9,37.5,0,0
44084,3749,104,77,22,2774.1,2053.9,586.8,86.9,0,0
44085,3448,52,29,13,1508.1,841.1,377,63.2,0,0
44086,2558,39,27,10,1524.6,1055.5,390.9,88.3,0,0
44087,20595,721,326,130,3500.8,1582.9,631.2,1132.7,0,0
44088,None,None,None,None,None,None,None,None,0,0
44089,15527,376,224,102,2421.6,1442.6,656.9,417.0,0,0
44090,11996,215,132,63,1792.3,1100.4,525.2,107.3,0,0
44092,16677,734,462,174,4401.3,2770.3,1043.4,2206.3,0,0
44093,1210,23,15,None,1900.8,1239.7,None,47.6,0,0
44094,35755,1502,906,359,4200.8,2533.9,1004.1,894.6,1,9831
44095,33340,1073,760,300,3218.4,2279.5,899.8,3640.1,0,0
44096,None,None,None,None,None,None,None,None,0,0
44097,None,None,None,None,None,None,None,None,0,0
44099,2334,39,17,7,1671.0,728.4,299.9,95.2,0,0
44101,610,11,7,None,1803.3,1147.5,None,20844.5,0,0
44102,45514,1231,599,335,2704.7,1316.1,736,5776.5,0,0
44103,16519,554,181,84,3353.7,1095.7,508.5,3568.7,1,1500
44104,19640,472,158,85,2403.3,804.5,432.8,4749.2,0,0
44105,37211,969,375,225,2604.1,1007.8,604.7,4376.9,0,0
44106,25752,726,288,114,2819.2,1118.4,442.7,6321.6,3,12889
44107,50666,1634,802,397,3225.0,1582.9,783.6,7740.6,0,0
44108,21939,630,217,116,2871.6,989.1,528.7,5211.5,0,0
44109,40246,1073,549,333,2666.1,1364.1,827.4,5592.8,0,0
44110,19116,520,199,107,2720.2,1041.0,559.7,4320.2,0,0
44111,42821,1169,577,302,2730.0,1347.5,705.3,6424.5,0,0
44112,21909,567,222,120,2588.0,1013.3,547.7,5474.2,0,0
44113,20358,896,335,147,4401.2,1645.5,722.1,4870.7,0,0
44114,6567,272,108,56,4141.9,1644.6,852.7,1238.7,1,1000
44115,8284,380,143,61,4587.2,1726.2,736.4,3139.2,2,48754
44116,20338,578,274,146,2842.0,1347.2,717.9,3574.9,0,0
44117,9611,352,149,67,3662.5,1550.3,697.1,2641.6,0,0
44118,38833,1198,452,274,3085.0,1164.0,705.6,5570.1,1,3709
44119,13108,480,232,128,3661.9,1769.9,976.5,4800.0,0,0
44120,34276,912,317,167,2660.8,924.8,487.2,6671.5,0,0
44121,33211,1242,523,250,3739.7,1574.8,752.8,5294.6,1,2100
44122,33342,1175,462,259,3524.1,1385.6,776.8,2634.6,0,0
44123,16515,707,265,108,4281.0,1604.6,654,5345.0,0,0
44124,37737,1273,628,305,3373.3,1664.1,808.2,2590.8,1,1180
44125,27939,998,421,210,3572.1,1506.9,751.6,1977.1,1,510
44126,16372,487,238,125,2974.6,1453.7,763.5,3572.1,0,0
44127,4375,78,31,12,1782.9,708.6,274.3,2683.7,0,0
44128,28790,1066,342,210,3702.7,1187.9,729.4,3465.2,0,0
44129,28276,913,412,213,3228.9,1457.1,753.3,4782.6,0,0
44130,49787,1501,755,370,3014.8,1516.5,743.2,2939.7,0,0
44131,20532,642,300,130,3126.8,1461.1,633.2,1258.1,0,0
44132,14805,540,220,95,3647.4,1486.0,641.7,4476.6,0,0
44133,30225,941,446,211,3113.3,1475.6,698.1,1430.7,0,0
44134,37533,1233,523,232,3285.1,1393.4,618.1,4009.6,0,0
44135,27640,773,334,176,2796.7,1208.4,636.8,2745.0,0,0
44136,25776,752,374,186,2917.4,1451.0,721.6,1895.7,0,0
44137,22657,938,336,184,4140.0,1483.0,812.1,4448.4,0,0
44138,22378,536,296,161,2395.2,1322.7,719.5,1597.1,0,0
44139,24212,706,324,184,2915.9,1338.2,760,1053.5,0,0
44140,15391,399,211,107,2592.4,1370.9,695.2,2198.5,0,0
44141,13830,394,196,92,2848.9,1417.2,665.2,577.9,0,0
44142,18674,543,274,138,2907.8,1467.3,739,2488.9,0,0
44143,24241,1056,474,226,4356.3,1955.4,932.3,1723.6,0,0
44144,21697,659,316,157,3037.3,1456.4,723.6,3879.9,0,0
44145,32378,1189,526,292,3672.2,1624.6,901.8,2041.0,0,0
44146,29223,1035,399,225,3541.7,1365.4,769.9,1467.7,0,0
44147,19361,553,299,150,2856.3,1544.3,774.8,1467.0,0,0
44149,18976,587,253,131,3093.4,1333.3,690.3,1687.8,0,0
44178,None,None,None,None,None,None,None,None,0,0
44181,None,None,None,None,None,None,None,None,0,0
44185,None,None,None,None,None,None,None,None,0,0
44188,None,None,None,None,None,None,None,None,0,0
44189,None,None,None,None,None,None,None,None,0,0
44190,None,None,None,None,None,None,None,None,0,0
44191,None,None,None,None,None,None,None,None,0,0
44192,None,None,None,None,None,None,None,None,0,0
44193,None,None,None,None,None,None,None,None,0,0
44194,None,None,None,None,None,None,None,None,0,0
44195,None,None,None,None,None,None,None,None,0,0
44197,None,None,None,None,None,None,None,None,0,0
44198,None,None,None,None,None,None,None,None,0,0
44199,None,None,None,None,None,None,None,None,0,0
44201,6944,119,59,34,1713.7,849.7,489.6,122.6,0,0
44202,20408,638,303,155,3126.2,1484.7,759.5,622.8,0,0
44203,40442,830,461,217,2052.3,1139.9,536.6,1127.9,0,0
44210,None,None,None,None,None,None,None,None,0,0
44211,None,None,None,None,None,None,None,None,0,0
44212,44380,1502,790,361,3384.4,1780.1,813.4,2028.4,0,0
44214,2267,48,27,11,2117.3,1191.0,485.2,70.8,0,0
44215,2323,57,29,16,2453.7,1248.4,688.8,1360.2,0,0
44216,9540,236,129,58,2473.8,1352.2,608,413.8,0,0
44217,3997,95,48,16,2376.8,1200.9,400.3,144.8,0,0
44221,29154,738,367,206,2531.4,1258.8,706.6,4507.2,0,0
44222,None,None,None,None,None,None,None,None,0,0
44223,17722,590,294,134,3329.2,1659.0,756.1,1205.9,0,0
44224,39564,1031,518,271,2605.9,1309.3,685,1885.8,0,0
44230,8549,242,131,76,2830.7,1532.3,889,479.7,0,0
44231,8777,160,82,51,1822.9,934.3,581.1,171.3,0,0
44232,None,None,None,None,None,None,None,None,0,0
44233,7927,206,107,53,2598.7,1349.8,668.6,289.8,0,0
44234,4177,65,32,14,1556.1,766.1,335.2,181.4,1,1259
44235,1916,21,11,None,1096.0,574.1,None,83.5,0,0
44236,25518,626,296,136,2453.2,1160.0,533,740.1,0,0
44237,None,None,None,None,None,None,None,None,0,0
44240,39536,1154,482,225,2918.9,1219.1,569.1,947.5,1,29477
44241,16638,437,218,124,2626.5,1310.3,745.3,747.2,0,0
44242,None,None,None,None,None,None,None,None,0,0
44243,4721,114,38,18,2414.7,804.9,381.3,8696.5,0,0
44250,1110,23,12,7,2072.1,1081.1,630.6,2217.6,0,0
44251,922,21,15,7,2277.7,1626.9,759.2,636.2,0,0
44253,3212,76,35,16,2366.1,1089.7,498.1,137.4,0,0
44254,4960,93,53,17,1875.0,1068.5,342.7,179.1,0,0
44255,8223,144,81,42,1751.2,985,510.8,203.3,0,0
44256,62916,1892,1018,500,3007.2,1618.0,794.7,464.8,0,0
44258,None,None,None,None,None,None,None,None,0,0
44260,13166,270,158,88,2050.7,1200.1,668.4,374.6,0,0
44262,5049,124,76,29,2455.9,1505.2,574.4,2131.8,0,0
44264,3073,139,24,10,4523.3,781,325.4,137.9,0,0
44265,None,None,None,None,None,None,None,319.6,0,0
44266,33894,641,367,217,1891.2,1082.8,640.2,357.0,0,0
44270,8800,210,68,25,2386.4,772.7,284.1,416.1,0,0
44272,5176,140,91,45,2704.8,1758.1,869.4,221.3,1,959
44273,7172,130,70,36,1812.6,976,502,178.2,0,0
44274,246,6,None,None,2439.0,None,None,493.4,0,0
44275,3280,75,43,13,2286.6,1311.0,396.3,83.9,0,0
44276,1795,35,18,10,1949.9,1002.8,557.1,98.6,0,0
44278,17951,481,251,135,2679.5,1398.3,752,1193.7,0,0
44280,4641,164,99,49,3533.7,2133.2,1055.8,181.0,0,0
44281,32161,765,411,210,2378.7,1277.9,653,636.1,0,0
44282,None,None,None,None,None,None,None,None,0,0
44285,25,None,None,None,None,None,None,635.7,0,0
44286,6193,164,111,61,2648.2,1792.3,985,255.8,0,0
44287,7688,148,76,28,1925.1,988.6,364.2,118.5,0,0
44288,3521,58,33,20,1647.3,937.2,568,214.0,0,0
44301,15060,327,177,82,2171.3,1175.3,544.5,4378.5,0,0
44302,5127,113,49,23,2204.0,955.7,448.6,6514.7,0,0
44303,7766,234,144,60,3013.1,1854.2,772.6,3298.1,0,0
44304,5028,135,56,18,2685.0,1113.8,358,3710.5,0,0
44305,22425,438,218,105,1953.2,972.1,468.2,3306.6,0,0
44306,21165,452,198,96,2135.6,935.5,453.6,2721.3,0,0
44307,6751,167,62,34,2473.7,918.4,503.6,3282.1,0,0
44308,943,33,14,None,3499.5,1484.6,None,1353.5,0,0
44309,None,None,None,None,None,None,None,None,0,0
44310,26659,1244,291,144,4666.3,1091.6,540.2,3881.0,0,0
44311,8447,152,59,30,1799.5,698.5,355.2,4953.9,0,0
44312,31064,756,418,230,2433.7,1345.6,740.4,1628.1,0,0
44313,24580,725,357,178,2949.6,1452.4,724.2,1729.1,0,0
44314,19113,321,167,79,1679.5,873.8,413.3,4220.3,0,0
44315,None,None,None,None,None,None,None,None,0,0
44316,None,None,None,None,None,None,None,None,0,0
44317,None,None,None,None,None,None,None,None,0,0
44319,22647,757,373,161,3342.6,1647.0,710.9,1081.7,0,0
44320,19419,453,158,98,2332.8,813.6,504.7,2107.1,0,0
44321,15346,509,249,104,3316.8,1622.6,677.7,980.2,0,0
44322,None,None,None,None,None,None,None,None,0,0
44325,None,None,None,None,None,None,None,None,1,23962
44326,None,None,None,None,None,None,None,None,0,0
44328,None,None,None,None,None,None,None,None,0,0
44333,18778,544,277,133,2897.0,1475.1,708.3,660.9,0,0
44334,None,None,None,None,None,None,None,None,0,0
44372,None,None,None,None,None,None,None,None,0,0
44393,None,None,None,None,None,None,None,None,0,0
44396,None,None,None,None,None,None,None,None,0,0
44398,None,None,None,None,None,None,None,None,0,0
44399,None,None,None,None,None,None,None,None,0,0
44401,2903,54,22,10,1860.1,757.8,344.5,81.0,0,0
44402,3228,73,42,20,2261.5,1301.1,619.6,83.0,0,0
44403,3904,98,39,17,2510.2,999,435.5,285.4,0,0
44404,1446,28,21,9,1936.4,1452.3,622.4,100.0,0,0
44405,7969,294,175,94,3689.3,2196.0,1179.6,2284.6,0,0
44406,21749,820,421,201,3770.3,1935.7,924.2,401.5,0,0
44408,10043,402,160,95,4002.8,1593.1,945.9,292.7,0,0
44410,16702,621,436,178,3718.1,2610.5,1065.7,214.9,0,0
44411,2328,50,29,12,2147.8,1245.7,515.5,106.0,0,0
44412,2630,48,27,7,1825.1,1026.6,266.2,115.3,0,0
44413,7371,151,90,50,2048.6,1221.0,678.3,318.7,0,0
44415,None,None,None,None,None,None,None,None,0,0
44416,None,None,None,None,None,None,None,None,0,0
44417,1736,36,17,8,2073.7,979.3,460.8,47.7,0,0
44418,1531,33,20,9,2155.5,1306.3,587.9,98.4,0,0
44420,14796,440,216,82,2973.8,1459.9,554.2,969.7,0,0
44422,None,None,None,None,None,None,None,None,0,0
44423,2423,52,34,15,2146.1,1403.2,619.1,104.7,0,0
44424,None,None,None,None,None,None,None,None,0,0
44425,14354,412,224,87,2870.3,1560.5,606.1,469.7,0,0
44427,1406,36,18,6,2560.5,1280.2,426.7,46.9,0,0
44428,3045,69,48,35,2266.0,1576.4,1149.4,50.5,0,0
44429,2544,36,26,11,1415.1,1022.0,432.4,273.9,0,0
44430,4777,185,44,20,3872.7,921.1,418.7,392.4,0,0
44431,4514,118,51,23,2614.1,1129.8,509.5,176.1,0,0
44432,13279,1203,140,78,9059.4,1054.3,587.4,130.0,0,0
44436,3695,111,59,33,3004.1,1596.8,893.1,158.8,0,0
44437,4406,134,56,30,3041.3,1271.0,680.9,1049.8,0,0
44438,4300,165,52,15,3837.2,1209.3,348.8,513.6,0,0
44439,147,None,None,None,None,None,None,280.8,0,0
44440,4960,213,81,40,4294.4,1633.1,806.5,538.8,0,0
44441,1757,46,26,18,2618.1,1479.8,1024.5,92.7,0,0
44442,3938,162,68,30,4113.8,1726.8,761.8,428.7,0,0
44443,1672,45,20,10,2691.4,1196.2,598.1,156.4,0,0
44444,9563,189,112,58,1976.4,1171.2,606.5,233.9,0,0
44445,3604,87,46,28,2414.0,1276.4,776.9,192.5,0,0
44446,20150,650,366,151,3225.8,1816.4,749.4,1476.4,0,0
44449,1264,31,16,9,2452.5,1265.8,712,90.1,0,0
44450,2041,40,26,12,1959.8,1273.9,587.9,48.8,0,0
44451,2817,102,53,19,3620.9,1881.4,674.5,80.6,0,0
44452,3444,195,100,73,5662.0,2903.6,2119.6,212.8,0,0
44453,None,None,None,None,None,None,None,None,0,0
44454,982,34,18,13,3462.3,1833.0,1323.8,101.9,0,0
44455,1665,35,13,8,2102.1,780.8,480.5,78.6,0,0
44460,25258,916,369,146,3626.6,1460.9,578,240.5,1,84
44470,3953,69,47,31,1745.5,1189.0,784.2,148.9,0,0
44471,10742,324,200,108,3016.2,1861.9,1005.4,2431.5,0,0
44473,3609,114,73,34,3158.8,2022.7,942.1,154.5,0,0
44481,9617,254,159,82,2641.2,1653.3,852.7,186.7,0,0
44482,None,None,None,None,None,None,None,None,0,0
44483,24836,767,448,202,3088.3,1803.8,813.3,1401.1,0,0
44484,21804,725,436,195,3325.1,1999.6,894.3,1320.6,0,0
44485,16101,325,164,73,2018.5,1018.6,453.4,2034.7,0,0
44486,None,None,None,None,None,None,None,None,0,0
44488,None,None,None,None,None,None,None,None,0,0
44490,970,24,13,5,2474.2,1340.2,515.5,1136.2,0,0
44491,3517,78,30,17,2217.8,853,483.4,101.5,0,0
44492,None,None,None,None,None,None,None,None,0,0
44493,29,None,None,None,None,None,None,155.7,0,0
44501,None,None,None,None,None,None,None,None,0,0
44502,9336,294,159,87,3149.1,1703.1,931.9,1790.8,0,0
44503,1130,49,28,16,4336.3,2477.9,1415.9,2003.9,0,0
44504,4799,191,53,25,3980.0,1104.4,520.9,4083.0,0,0
44505,17985,672,270,122,3736.4,1501.3,678.3,1117.8,0,0
44506,2877,78,28,11,2711.2,973.2,382.3,1153.6,0,0
44507,5409,110,58,32,2033.6,1072.3,591.6,3084.7,0,0
44509,11911,337,112,49,2829.3,940.3,411.4,2240.2,0,0
44510,2601,65,27,10,2499.0,1038.1,384.5,1262.7,0,0
44511,19966,652,305,154,3265.6,1527.6,771.3,2509.2,0,0
44512,32763,1261,527,260,3848.9,1608.5,793.6,1970.9,0,0
44513,None,None,None,None,None,None,None,None,0,0
44514,21659,902,510,281,4164.6,2354.7,1297.4,965.0,0,0
44515,26662,943,454,222,3536.9,1702.8,832.6,1308.8,0,0
44555,None,None,None,None,None,None,None,None,1,12503
44601,34740,911,474,198,2622.3,1364.4,569.9,410.2,1,2262
44606,8718,216,62,23,2477.6,711.2,263.8,176.9,0,0
44607,178,None,None,None,None,None,None,105.6,0,0
44608,2439,49,24,11,2009.0,984,451,130.0,0,0
44609,3935,125,56,20,3176.6,1423.1,508.3,142.9,0,0
44610,160,32,12,None,20000.0,7500.0,None,1411.9,0,0
44611,2121,53,29,13,2498.8,1367.3,612.9,56.9,0,0
44612,5518,151,87,37,2736.5,1576.7,670.5,215.2,0,0
44613,2012,54,40,14,2683.9,1988.1,695.8,1174.1,0,0
44614,12628,393,217,130,3112.1,1718.4,1029.5,554.2,0,0
44615,10312,241,98,51,2337.1,950.3,494.6,77.8,0,0
44617,None,None,None,None,None,None,None,None,0,0
44618,6787,276,139,44,4066.6,2048.0,648.3,160.0,0,0
44619,None,None,None,None,None,None,None,None,0,0
44620,2057,21,15,8,1020.9,729.2,388.9,64.3,0,0
44621,4476,193,128,51,4311.9,2859.7,1139.4,148.7,0,0
44622,17895,973,446,160,5437.3,2492.3,894.1,332.9,0,0
44624,5308,171,39,20,3221.6,734.7,376.8,113.2,0,0
44625,1918,32,16,7,1668.4,834.2,365,88.5,0,0
44626,3015,59,33,17,1956.9,1094.5,563.8,112.9,0,0
44627,6829,152,32,9,2225.8,468.6,131.8,163.6,0,0
44628,932,35,23,7,3755.4,2467.8,751.1,27.5,0,0
44629,2661,98,63,25,3682.8,2367.5,939.5,129.1,0,0
44630,None,None,None,None,None,None,None,None,0,0
44631,None,None,None,None,None,None,None,None,0,0
44632,9831,282,159,70,2868.5,1617.3,712,355.4,0,0
44633,2634,68,13,None,2581.6,493.5,None,120.3,0,0
44634,2246,47,29,16,2092.6,1291.2,712.4,111.0,0,0
44636,None,None,None,None,None,None,None,None,0,0
44637,3281,91,38,15,2773.5,1158.2,457.2,52.2,0,0
44638,1453,36,12,8,2477.6,825.9,550.6,53.6,0,0
44639,None,None,None,None,None,None,None,None,0,0
44640,235,None,None,None,None,None,None,1240.0,0,0
44641,20239,531,282,127,2623.6,1393.3,627.5,372.3,0,0
44643,3585,66,27,14,1841.0,753.1,390.5,99.7,0,0
44644,4949,94,53,22,1899.4,1070.9,444.5,206.2,0,0
44645,2299,59,28,13,2566.3,1217.9,565.5,99.0,0,0
44646,46749,1353,731,348,2894.2,1563.7,744.4,1567.4,0,0
44647,19172,404,242,112,2107.2,1262.3,584.2,641.1,0,0
44648,None,None,None,None,None,None,None,None,0,0
44650,None,None,None,None,None,None,None,None,0,0
44651,656,9,None,None,1372.0,None,None,27.2,0,0
44652,32,None,None,None,None,None,None,432.3,0,0
44653,673,19,16,7,2823.2,2377.4,1040.1,1992.3,0,0
44654,21043,729,221,82,3464.3,1050.2,389.7,127.7,0,0
44656,2836,55,38,19,1939.4,1339.9,670,73.3,0,0
44657,9583,183,90,51,1909.6,939.2,532.2,159.0,0,0
44659,136,14,None,None,10294.1,None,None,1327.6,0,0
44660,None,None,None,None,None,None,None,None,0,0
44661,153,8,None,None,5228.8,None,None,3548.9,0,0
44662,10020,296,190,76,2954.1,1896.2,758.5,152.9,0,0
44663,24914,918,502,188,3684.7,2014.9,754.6,266.6,0,0
44665,None,None,None,None,None,None,None,None,0,0
44666,2667,68,49,23,2549.7,1837.3,862.4,131.1,0,0
44667,13410,384,166,67,2863.5,1237.9,499.6,303.8,0,0
44669,1347,21,13,7,1559.0,965.1,519.7,72.9,0,0
44670,172,None,None,None,None,None,None,2121.9,0,0
44671,290,5,None,None,1724.1,None,None,257.3,0,0
44672,4748,214,51,29,4507.2,1074.1,610.8,1429.2,0,0
44675,1825,31,19,11,1698.6,1041.1,602.7,65.8,0,0
44676,4402,116,56,25,2635.2,1272.1,567.9,87.6,0,0
44677,2463,80,37,9,3248.1,1502.2,365.4,150.3,0,0
44678,344,6,None,None,1744.2,None,None,24.7,0,0
44679,None,None,None,None,None,None,None,None,0,0
44680,4455,143,78,21,3209.9,1750.8,471.4,232.7,0,0
44681,7987,381,109,23,4770.3,1364.7,288,129.4,0,0
44682,1030,39,26,12,3786.4,2524.3,1165.0,2370.8,0,0
44683,8552,288,189,103,3367.6,2210.0,1204.4,122.5,0,0
44685,27842,824,456,235,2959.6,1637.8,844,1050.3,0,0
44687,275,98,27,8,35636.4,9818.2,2909.1,2383.5,0,0
44688,2816,55,22,10,1953.1,781.3,355.1,130.0,0,0
44689,786,16,6,None,2035.6,763.4,None,165.7,0,0
44690,213,7,None,None,3286.4,None,None,758.0,0,0
44691,45048,1522,547,235,3378.6,1214.3,521.7,276.1,1,2049
44693,41,None,None,None,None,None,None,53.8,0,0
44695,1578,34,29,22,2154.6,1837.8,1394.2,56.4,0,0
44697,204,None,None,None,None,None,None,279.7,0,0
44699,811,18,15,5,2219.5,1849.6,616.5,12.1,0,0
44701,None,None,None,None,None,None,None,None,0,0
44702,948,53,42,37,5590.7,4430.4,3903.0,1733.3,0,0
44703,8081,182,63,30,2252.2,779.6,371.2,7976.2,0,0
44704,3490,76,31,16,2177.7,888.3,458.5,1526.3,0,0
44705,19451,387,153,73,1989.6,786.6,375.3,2326.4,0,0
44706,17413,391,169,73,2245.4,970.5,419.2,973.0,0,0
44707,8802,172,67,34,1954.1,761.2,386.3,612.7,0,0
44708,25541,672,310,138,2631.1,1213.7,540.3,2358.9,0,0
44709,19217,535,286,130,2784.0,1488.3,676.5,3317.8,1,1962
44710,9557,175,82,45,1831.1,858,470.9,4668.0,0,0
44711,None,None,None,None,None,None,None,None,0,0
44712,None,None,None,None,None,None,None,None,0,0
44714,8442,226,106,55,2677.1,1255.6,651.5,3365.3,0,0
44718,11895,440,209,98,3699.0,1757.0,823.9,1419.9,0,0
44720,38080,1264,665,323,3319.3,1746.3,848.2,1162.9,2,16597
44721,14149,415,237,99,2933.1,1675.0,699.7,880.1,0,0
44730,5847,115,58,29,1966.8,992,496,168.5,0,0
44735,None,None,None,None,None,None,None,None,0,0
44750,None,None,None,None,None,None,None,None,0,0
44767,None,None,None,None,None,None,None,None,0,0
44799,None,None,None,None,None,None,None,None,0,0
44802,951,25,13,None,2628.8,1367.0,None,31.1,0,0
44804,940,28,12,7,2978.7,1276.6,744.7,54.6,0,0
44805,32833,795,443,188,2421.3,1349.3,572.6,210.0,1,5428
44807,2120,42,21,12,1981.1,990.6,566,30.3,0,0
44809,321,None,None,None,None,None,None,795.6,0,0
44811,12667,431,256,101,3402.5,2021.0,797.3,108.1,0,0
44813,9312,236,122,69,2534.4,1310.1,741,106.1,0,0
44814,2876,71,43,17,2468.7,1495.1,591.1,108.4,0,0
44815,630,13,7,None,2063.5,1111.1,None,536.5,0,0
44816,16,None,None,None,None,None,None,2210.5,0,0
44817,1506,49,19,5,3253.7,1261.6,332,54.6,0,0
44818,2394,59,28,12,2464.5,1169.6,501.3,31.2,0,0
44820,17522,554,279,124,3161.7,1592.3,707.7,110.9,0,0
44822,2749,73,37,16,2655.5,1345.9,582,68.9,0,0
44824,3944,122,83,38,3093.3,2104.5,963.5,142.6,0,0
44825,102,None,None,None,None,None,None,679.9,0,0
44826,1803,44,15,8,2440.4,831.9,443.7,65.0,0,0
44827,6980,225,115,35,3223.5,1647.6,501.4,145.3,0,0
44828,73,None,None,None,None,None,None,123.9,0,0
44830,18690,595,313,165,3183.5,1674.7,882.8,155.0,0,0
44833,16558,594,309,124,3587.4,1866.2,748.9,186.0,0,0
44836,2330,63,35,12,2703.9,1502.1,515,70.4,0,0
44837,4408,54,26,8,1225.0,589.8,181.5,64.8,0,0
44838,261,15,5,None,5747.1,1915.7,None,676.4,0,0
44839,12264,374,170,75,3049.6,1386.2,611.5,299.1,0,0
44840,2594,55,27,11,2120.3,1040.9,424.1,72.4,0,0
44841,619,27,16,None,4361.9,2584.8,None,32.3,0,0
44842,5392,141,48,27,2615.0,890.2,500.7,73.2,0,0
44843,2126,52,32,14,2445.9,1505.2,658.5,86.4,0,0
44844,492,28,16,7,5691.1,3252.0,1422.8,38.6,0,0
44845,None,None,None,None,None,None,None,None,0,0
44846,3486,99,47,19,2839.9,1348.3,545,130.1,0,0
44847,3344,88,53,21,2631.6,1584.9,628,53.5,0,0
44848,None,None,None,None,None,None,None,None,0,0
44849,2522,72,33,10,2854.9,1308.5,396.5,45.2,0,0
44850,43,None,None,None,None,None,None,15.8,0,0
44851,4679,76,45,24,1624.3,961.7,512.9,66.5,0,0
44853,1372,47,19,7,3425.7,1384.8,510.2,46.0,0,0
44854,1708,43,33,15,2517.6,1932.1,878.2,42.3,0,0
44855,1337,17,6,None,1271.5,448.8,None,50.4,0,0
44856,263,None,None,None,None,None,None,2369.4,0,0
44857,23394,616,385,156,2633.2,1645.7,666.8,280.9,0,0
44859,2158,25,17,6,1158.5,787.8,278,47.6,0,0
44860,None,None,None,None,None,None,None,None,0,0
44861,65,None,None,None,None,None,None,1815.7,0,0
44862,None,None,None,None,None,None,None,None,0,0
44864,3718,64,27,13,1721.4,726.2,349.7,58.0,0,0
44865,3208,92,45,25,2867.8,1402.7,779.3,105.0,0,0
44866,1994,26,17,7,1303.9,852.6,351.1,89.5,0,0
44867,2557,66,40,17,2581.1,1564.3,664.8,42.2,0,0
44870,39597,1486,592,256,3752.8,1495.1,646.5,445.0,0,0
44871,None,None,None,None,None,None,None,None,0,0
44874,331,None,None,None,None,None,None,824.5,0,0
44875,13437,344,183,97,2560.1,1361.9,721.9,172.0,0,0
44878,3118,53,32,13,1699.8,1026.3,416.9,47.3,0,0
44880,2844,43,30,13,1512.0,1054.9,457.1,100.7,0,0
44881,None,None,None,None,None,None,None,275.9,0,0
44882,2849,87,56,25,3053.7,1965.6,877.5,37.0,0,0
44883,28183,1154,661,200,4094.7,2345.4,709.6,174.0,2,5330
44887,836,16,12,5,1913.9,1435.4,598.1,41.3,0,0
44888,None,None,None,None,None,None,None,None,0,0
44889,7071,115,56,27,1626.4,792,381.8,83.3,0,0
44890,11245,439,141,80,3904.0,1253.9,711.4,128.5,0,0
44901,2627,45,None,None,1713.0,None,None,21756.2,0,0
44902,4850,79,40,24,1628.9,824.7,494.8,2746.4,0,0
44903,23604,806,442,216,3414.7,1872.6,915.1,211.9,0,0
44904,13542,493,256,98,3640.5,1890.4,723.7,266.7,0,0
44905,13719,433,161,86,3156.2,1173.6,626.9,1096.1,0,0
44906,16849,464,291,143,2753.9,1727.1,848.7,824.8,1,4700
44907,14885,447,236,122,3003.0,1585.5,819.6,1837.1,0,0
44999,None,None,None,None,None,None,None,None,0,0
45001,759,24,18,11,3162.1,2371.5,1449.3,927.7,0,0
45002,13865,640,316,128,4615.9,2279.1,923.2,516.4,0,0
45003,552,15,None,None,2717.4,None,None,54.4,0,0
45004,None,None,None,None,None,None,None,None,0,0
45005,31371,1450,648,292,4622.1,2065.6,930.8,831.4,0,0
45011,71451,2595,1148,557,3631.9,1606.7,779.6,1122.3,0,0
45012,None,None,None,None,None,None,None,None,0,0
45013,53933,1958,899,425,3630.4,1666.9,788,461.2,0,0
45014,43848,2128,822,366,4853.1,1874.7,834.7,2016.4,0,0
45015,11714,403,148,64,3440.3,1263.4,546.4,1965.4,0,0
45018,None,None,None,None,None,None,None,None,0,0
45025,None,None,None,None,None,None,None,None,0,0
45026,None,None,None,None,None,None,None,None,0,0
45030,19125,885,475,226,4627.5,2483.7,1181.7,410.8,0,0
45032,364,8,None,None,2197.8,None,None,1231.4,0,0
45033,249,None,None,None,None,None,None,7500.9,0,0
45034,1273,32,17,12,2513.7,1335.4,942.7,1023.2,0,0
45036,38221,1558,573,255,4076.3,1499.2,667.2,476.5,0,0
45039,25142,917,434,191,3647.3,1726.2,759.7,1442.1,0,0
45040,54507,1881,804,409,3450.9,1475.0,750.4,1850.6,0,0
45041,87,None,None,None,None,None,None,535.3,0,0
45042,26638,1095,518,223,4110.7,1944.6,837.1,533.5,0,0
45043,None,None,None,None,None,None,None,None,0,0
45044,54680,2063,832,349,3772.9,1521.6,638.3,1369.7,0,0
45050,8773,408,193,87,4650.6,2199.9,991.7,1238.9,0,0
45051,174,None,None,None,None,None,None,2047.9,0,0
45052,3667,189,109,39,5154.1,2972.5,1063.5,308.5,0,0
45053,None,None,None,None,None,None,None,115.1,0,0
45054,2926,64,34,15,2187.3,1162.0,512.6,73.1,0,0
45055,None,None,None,None,None,None,None,None,0,0
45056,27957,2261,302,150,8087.4,1080.2,536.5,359.0,1,18620
45061,None,None,None,None,None,None,None,None,0,0
45062,686,29,15,8,4227.4,2186.6,1166.2,2098.6,0,0
45063,None,None,None,None,None,None,None,None,0,0
45064,3060,121,55,20,3954.2,1797.4,653.6,94.7,0,0
45065,4765,209,90,47,4386.1,1888.8,986.4,1965.2,0,0
45066,24836,1130,513,231,4549.8,2065.6,930.1,1167.0,0,0
45067,14970,517,196,92,3453.6,1309.3,614.6,702.5,0,0
45068,11402,407,174,85,3569.5,1526.0,745.5,151.5,0,0
45069,51117,1805,839,389,3531.1,1641.3,761,1760.4,0,0
45070,185,10,8,5,5405.4,4324.3,2702.7,476.8,0,0
45071,None,None,None,None,None,None,None,None,0,0
45101,2287,44,27,18,1923.9,1180.6,787.1,129.4,0,0
45102,22397,737,354,171,3290.6,1580.6,763.5,1005.5,0,0
45103,32525,1012,526,251,3111.5,1617.2,771.7,377.6,0,0
45105,None,None,None,None,None,None,None,None,0,0
45106,12382,268,130,61,2164.4,1049.9,492.7,166.5,0,0
45107,9909,312,138,69,3148.7,1392.7,696.3,119.1,0,0
45110,None,None,None,None,None,None,None,None,0,0
45111,324,6,None,None,1851.9,None,None,400.6,0,0
45112,84,None,None,None,None,None,None,133.1,0,0
45113,3610,141,49,20,3905.8,1357.3,554,92.4,0,0
45114,None,None,None,None,None,None,None,None,0,0
45115,143,None,None,None,None,None,None,117.2,0,0
45118,3579,109,53,32,3045.5,1480.9,894.1,91.0,1,500
45119,None,None,None,None,None,None,None,None,0,0
45120,2750,71,56,19,2581.8,2036.4,690.9,71.6,0,0
45121,9245,270,155,76,2920.5,1676.6,822.1,89.9,0,0
45122,10511,324,163,77,3082.5,1550.8,732.6,246.4,0,0
45123,8736,196,81,35,2243.6,927.2,400.6,86.0,0,0
45130,4028,74,42,28,1837.1,1042.7,695.1,98.0,0,0
45131,227,None,None,None,None,None,None,1095.8,0,0
45132,398,None,None,None,None,None,None,1387.7,0,0
45133,23764,697,309,154,2933.0,1300.3,648,72.1,1,2462
45135,4705,92,33,15,1955.4,701.4,318.8,67.0,0,0
45138,None,None,None,None,None,None,None,None,0,0
45140,56933,1921,945,402,3374.1,1659.8,706.1,1144.6,0,0
45142,3696,110,61,24,2976.2,1650.4,649.4,67.4,0,0
45144,4400,116,81,37,2636.4,1840.9,840.9,68.5,0,0
45145,19,None,None,None,None,None,None,None,0,0
45146,1458,31,8,None,2126.2,548.7,None,55.5,0,0
45147,191,8,None,None,4188.5,None,None,194.2,0,0
45148,1467,34,13,None,2317.7,886.2,None,65.5,0,0
45150,32618,1115,623,250,3418.4,1910.0,766.4,962.2,0,0
45152,11656,425,195,79,3646.2,1673.0,677.8,215.9,0,0
45153,1804,47,23,13,2605.3,1274.9,720.6,67.4,0,0
45154,8994,242,115,66,2690.7,1278.6,733.8,138.4,0,0
45155,371,5,None,None,1347.7,None,None,597.3,0,0
45156,73,None,None,None,None,None,None,117.8,0,0
45157,10315,225,114,57,2181.3,1105.2,552.6,231.1,0,0
45158,373,8,7,None,2144.8,1876.7,None,1835.0,0,0
45159,3773,83,52,15,2199.8,1378.2,397.6,66.2,0,0
45160,865,16,10,None,1849.7,1156.1,None,2420.3,0,0
45162,2666,88,48,21,3300.8,1800.5,787.7,103.0,0,0
45164,241,5,None,None,2074.7,None,None,1009.4,0,0
45166,69,None,None,None,None,None,None,229.9,0,0
45167,3700,65,50,34,1756.8,1351.4,918.9,57.5,0,0
45168,1667,38,23,11,2279.5,1379.7,659.9,47.0,0,0
45169,4513,150,74,26,3323.7,1639.7,576.1,50.9,0,0
45171,5771,151,66,35,2616.5,1143.6,606.5,83.7,0,0
45172,191,None,None,None,None,None,None,349.1,0,0
45174,2350,54,15,7,2297.9,638.3,297.9,1746.9,0,0
45176,9434,245,132,68,2597.0,1399.2,720.8,167.3,0,0
45177,22385,542,262,97,2421.3,1170.4,433.3,125.4,1,1200
45201,None,None,None,None,None,None,None,None,0,0
45202,14105,807,288,122,5721.4,2041.8,864.9,4594.3,1,209
45203,2429,78,21,9,3211.2,864.6,370.5,1691.5,0,0
45204,5773,146,49,16,2529.0,848.8,277.2,2041.4,0,0
45205,18533,709,174,75,3825.6,938.9,404.7,6704.3,0,0
45206,10825,355,143,64,3279.4,1321.0,591.2,5176.0,1,1567
45207,7133,291,97,43,4079.6,1359.9,602.8,6390.0,1,6650
45208,18503,596,232,98,3221.1,1253.9,529.6,4438.9,0,0
45209,11082,484,198,73,4367.4,1786.7,658.7,3988.3,0,0
45211,37201,1576,637,260,4236.4,1712.3,698.9,4125.5,0,0
45212,22529,743,244,100,3298.0,1083.0,443.9,5901.0,0,0
45213,12574,396,138,59,3149.4,1097.5,469.2,3905.6,0,0
45214,7791,223,74,44,2862.3,949.8,564.8,3455.2,0,0
45215,30814,1031,380,193,3345.9,1233.2,626.3,2605.4,0,0
45216,8925,320,127,62,3585.4,1423.0,694.7,3200.2,0,0
45217,7232,231,82,44,3194.1,1133.8,608.4,3207.3,0,0
45218,3915,140,59,23,3576.0,1507.0,587.5,2326.9,0,0
45219,18029,950,203,66,5269.3,1126.0,366.1,10379.7,0,0
45220,13838,469,131,53,3389.2,946.7,383,5172.7,0,0
45221,None,None,None,None,None,None,None,None,1,46224
45222,None,None,None,None,None,None,None,None,0,0
45223,11982,371,107,41,3096.3,893,342.2,2099.7,1,10707
45224,21402,708,246,124,3308.1,1149.4,579.4,3118.8,0,0
45225,9418,241,78,47,2558.9,828.2,499,2810.7,0,0
45226,5346,188,91,40,3516.6,1702.2,748.2,854.1,0,0
45227,18391,647,265,136,3518.0,1440.9,739.5,3062.2,0,0
45228,None,None,None,None,None,None,None,None,0,0
45229,13090,413,132,63,3155.1,1008.4,481.3,4668.6,0,0
45230,27778,802,353,156,2887.2,1270.8,561.6,1881.8,0,0
45231,40071,1897,646,339,4734.1,1612.1,846,2795.3,0,0
45232,6849,175,68,41,2555.1,992.8,598.6,2673.6,0,0
45233,16025,834,395,145,5204.4,2464.9,904.8,1360.5,1,2300
45234,None,None,None,None,None,None,None,None,0,0
45235,None,None,None,None,None,None,None,None,0,0
45236,24486,735,354,161,3001.7,1445.7,657.5,3504.7,0,0
45237,20193,742,241,120,3674.5,1193.5,594.3,3314.6,0,0
45238,45614,2102,803,308,4608.2,1760.4,675.2,4576.5,0,0
45239,29809,1285,490,222,4310.8,1643.8,744.7,4354.1,1,548
45240,27161,1454,468,222,5353.3,1723.1,817.3,2943.5,0,0
45241,24366,803,348,154,3295.6,1428.2,632,1290.5,0,0
45242,22625,660,262,115,2917.1,1158.0,508.3,1599.1,0,0
45243,15075,421,182,68,2792.7,1207.3,451.1,749.8,0,0
45244,28602,879,436,182,3073.2,1524.4,636.3,1289.8,0,0
45245,20800,712,313,144,3423.1,1504.8,692.3,1197.4,0,0
45246,14206,607,216,94,4272.8,1520.5,661.7,1473.7,0,0
45247,22544,1145,527,233,5079.0,2337.7,1033.5,1045.3,0,0
45248,25324,1092,550,204,4312.1,2171.9,805.6,2120.2,0,0
45249,13156,381,193,84,2896.0,1467.0,638.5,2046.7,0,0
45250,None,None,None,None,None,None,None,None,0,0
45251,22502,985,325,139,4377.4,1444.3,617.7,1836.0,0,0
45252,4336,184,79,28,4243.5,1822.0,645.8,418.4,0,0
45253,None,None,None,None,None,None,None,None,0,0
45254,None,None,None,None,None,None,None,None,0,0
45255,21767,634,277,128,2912.7,1272.6,588,1652.1,0,0
45258,None,None,None,None,None,None,None,None,0,0
45262,None,None,None,None,None,None,None,None,0,0
45263,None,None,None,None,None,None,None,None,0,0
45264,None,None,None,None,None,None,None,None,0,0
45267,None,None,None,None,None,None,None,None,0,0
45268,None,None,None,None,None,None,None,None,0,0
45269,None,None,None,None,None,None,None,None,0,0
45270,None,None,None,None,None,None,None,None,0,0
45271,None,None,None,None,None,None,None,None,0,0
45273,None,None,None,None,None,None,None,None,0,0
45274,None,None,None,None,None,None,None,None,0,0
45275,None,None,None,None,None,None,None,None,0,0
45277,None,None,None,None,None,None,None,None,0,0
45280,None,None,None,None,None,None,None,None,0,0
45296,None,None,None,None,None,None,None,None,0,0
45298,None,None,None,None,None,None,None,None,0,0
45299,None,None,None,None,None,None,None,None,0,0
45301,130,5,None,None,3846.2,None,None,1429.1,0,0
45302,4172,184,71,30,4410.4,1701.8,719.1,83.3,0,0
45303,2724,110,50,22,4038.2,1835.5,807.6,65.5,0,0
45304,7084,301,165,97,4249.0,2329.2,1369.3,89.5,0,0
45305,11161,398,185,83,3566.0,1657.6,743.7,766.0,0,0
45306,2370,87,40,5,3670.9,1687.8,211,74.5,0,0
45307,330,8,None,None,2424.2,None,None,1973.8,0,0
45308,4139,157,83,38,3793.2,2005.3,918.1,80.7,0,0
45309,12439,452,216,77,3633.7,1736.5,619,188.9,0,0
45310,270,23,6,None,8518.5,2222.2,None,1231.3,0,0
45311,6197,243,135,69,3921.3,2178.5,1113.4,68.4,0,0
45312,1277,57,38,13,4463.6,2975.7,1018.0,56.1,0,0
45314,6010,253,130,48,4209.7,2163.1,798.7,117.5,1,4193
45315,4066,254,105,57,6246.9,2582.4,1401.9,395.9,0,0
45316,108,None,None,None,None,None,None,1309.0,0,0
45317,1226,27,11,None,2202.3,897.2,None,34.8,0,0
45318,5638,237,120,59,4203.6,2128.4,1046.5,127.3,0,0
45319,378,9,7,None,2381.0,1851.9,None,999.0,0,0
45320,14982,638,291,104,4258.4,1942.3,694.2,113.4,0,0
45321,851,36,20,5,4230.3,2350.2,587.5,80.4,0,0
45322,21282,912,431,198,4285.3,2025.2,930.4,1077.2,0,0
45323,4973,183,105,32,3679.9,2111.4,643.5,859.2,0,0
45324,41029,1422,653,295,3465.8,1591.6,719,1242.6,0,0
45325,2266,85,44,21,3751.1,1941.7,926.7,94.6,0,0
45326,1066,34,18,11,3189.5,1688.6,1031.9,40.9,0,0
45327,9356,422,179,69,4510.5,1913.2,737.5,193.5,0,0
45328,564,20,11,5,3546.1,1950.4,886.5,1478.3,0,0
45330,846,59,28,9,6974.0,3309.7,1063.8,930.8,0,0
45331,22041,1124,539,283,5099.6,2445.4,1284.0,148.5,0,0
45332,825,23,14,5,2787.9,1697.0,606.1,52.0,0,0
45333,1368,59,29,9,4312.9,2119.9,657.9,53.4,0,0
45334,2117,70,40,18,3306.6,1889.5,850.3,88.8,0,0
45335,6781,208,104,41,3067.4,1533.7,604.6,77.3,0,0
45336,161,6,5,None,3726.7,3105.6,None,239.9,0,0
45337,1918,46,17,9,2398.3,886.3,469.2,76.5,0,0
45338,5009,163,87,33,3254.1,1736.9,658.8,95.5,0,0
45339,1385,42,22,7,3032.5,1588.4,505.4,102.6,0,0
45340,688,28,10,6,4069.8,1453.5,872.1,23.0,0,0
45341,3857,142,59,18,3681.6,1529.7,466.7,545.8,0,0
45342,36659,1622,713,319,4424.6,1945.0,870.2,1041.6,0,0
45343,None,None,None,None,None,None,None,None,0,0
45344,16104,599,304,96,3719.6,1887.7,596.1,255.4,0,0
45345,6458,187,101,37,2895.6,1564.0,572.9,269.7,0,0
45346,1938,83,51,19,4282.8,2631.6,980.4,54.4,0,0
45347,4479,174,95,38,3884.8,2121.0,848.4,85.0,0,0
45348,1026,64,22,10,6237.8,2144.2,974.7,27.5,0,0
45349,380,11,10,None,2894.7,2631.6,None,1783.5,0,0
45350,106,11,None,None,10377.4,None,None,690.0,0,0
45351,212,12,None,None,5660.4,None,None,685.4,0,0
45352,242,7,None,None,2892.6,None,None,1233.2,0,0
45353,142,5,None,None,3521.1,None,None,74.0,0,0
45354,456,12,None,None,2631.6,None,None,652.8,0,0
45356,25209,1097,527,216,4351.6,2090.5,856.8,330.9,1,4000
45358,348,14,13,9,4023.0,3735.6,2586.2,2864.0,0,0
45359,1938,82,51,26,4231.2,2631.6,1341.6,123.9,0,0
45360,453,9,None,None,1986.8,None,None,3339.4,0,0
45361,328,5,None,None,1524.4,None,None,617.5,0,0
45362,1141,41,10,7,3593.3,876.4,613.5,43.1,0,0
45363,1698,111,37,14,6537.1,2179.0,824.5,78.0,0,0
45365,30232,1175,552,219,3886.6,1825.9,724.4,187.0,0,0
45367,None,None,None,None,None,None,None,None,0,0
45368,4907,144,63,17,2934.6,1283.9,346.4,59.0,0,0
45369,3492,135,59,27,3866.0,1689.6,773.2,78.2,0,0
45370,2479,71,35,16,2864.1,1411.9,645.4,106.7,0,0
45371,19867,1118,501,219,5627.4,2521.8,1102.3,376.3,0,0
45372,319,6,None,None,1880.9,None,None,1826.2,0,0
45373,35989,1682,812,391,4673.7,2256.2,1086.4,409.7,0,0
45374,None,None,None,None,None,None,None,None,0,0
45377,15280,633,353,191,4142.7,2310.2,1250.0,671.6,0,0
45378,362,19,13,6,5248.6,3591.2,1657.5,1672.3,0,0
45380,5385,332,87,29,6165.3,1615.6,538.5,76.4,0,0
45381,5430,195,94,26,3591.2,1731.1,478.8,107.0,0,0
45382,1287,43,20,13,3341.1,1554.0,1010.1,67.8,0,0
45383,6912,230,127,65,3327.5,1837.4,940.4,277.7,0,0
45384,2053,55,22,9,2679.0,1071.6,438.4,1153.5,2,2138
45385,38635,1423,735,320,3683.2,1902.4,828.3,281.5,0,0
45387,5456,99,46,21,1814.5,843.1,384.9,187.0,2,422
45388,853,35,8,None,4103.2,937.9,None,50.5,0,0
45389,478,15,6,None,3138.1,1255.2,None,1563.4,0,0
45390,3288,175,96,56,5322.4,2919.7,1703.2,62.5,0,0
45401,None,None,None,None,None,None,None,None,0,0
45402,10053,420,147,64,4177.9,1462.3,636.6,2463.2,2,29200
45403,14159,477,194,76,3368.9,1370.2,536.8,3644.5,0,0
45404,10809,406,137,70,3756.1,1267.5,647.6,1591.6,0,0
45405,16845,654,253,78,3882.5,1501.9,463,4574.9,0,0
45406,19432,837,298,148,4307.3,1533.6,761.6,4078.2,0,0
45408,None,None,None,None,None,None,None,None,0,0
45409,15593,766,171,69,4912.5,1096.6,442.5,4461.3,0,0
45410,16079,443,193,78,2755.1,1200.3,485.1,7071.4,0,0
45412,None,None,None,None,None,None,None,None,0,0
45413,None,None,None,None,None,None,None,None,0,0
45414,20403,765,315,130,3749.4,1543.9,637.2,910.2,0,0
45415,13519,582,235,98,4305.1,1738.3,724.9,2019.7,0,0
45416,6139,329,167,115,5359.2,2720.3,1873.3,3162.8,0,0
45417,29332,1078,403,187,3675.2,1373.9,637.5,964.4,0,0
45418,1871,None,None,None,None,None,None,None,0,0
45419,15097,452,221,82,2994.0,1463.9,543.2,3762.1,0,0
45420,25145,753,372,180,2994.6,1479.4,715.8,4167.5,0,0
45422,None,None,None,None,None,None,None,None,0,0
45423,None,None,None,None,None,None,None,None,0,0
45424,50804,1944,921,401,3826.5,1812.8,789.3,1585.8,0,0
45426,15730,767,231,130,4876.0,1468.5,826.4,774.2,0,0
45427,None,None,None,None,None,None,None,None,0,0
45428,335,None,None,None,None,None,None,527.5,0,0
45429,25740,850,474,191,3302.3,1841.5,742,2548.0,1,760
45430,7289,250,124,62,3429.8,1701.2,850.6,1492.6,0,0
45431,28084,767,366,155,2731.1,1303.2,551.9,2352.6,0,0
45432,14818,473,255,133,3192.1,1720.9,897.6,1982.6,0,0
45433,2734,52,9,None,1902.0,329.2,None,229.9,1,860
45434,12256,403,198,95,3288.2,1615.5,775.1,1111.7,0,0
45435,None,None,None,None,None,None,None,None,1,16842
45437,None,None,None,None,None,None,None,None,0,0
45439,10185,413,175,71,4055.0,1718.2,697.1,1580.8,0,0
45440,20633,846,446,191,4100.2,2161.6,925.7,2199.5,0,0
45441,None,None,None,None,None,None,None,None,0,0
45448,None,None,None,None,None,None,None,None,0,0
45449,17914,896,448,178,5001.7,2500.8,993.6,2690.2,0,0
45454,None,None,None,None,None,None,None,None,0,0
45458,32068,1394,562,266,4347.0,1752.5,829.5,1529.7,0,0
45459,26979,1063,486,198,3940.1,1801.4,733.9,1949.4,0,0
45463,None,None,None,None,None,None,None,None,0,0
45469,None,None,None,None,None,None,None,None,1,11074
45470,None,None,None,None,None,None,None,None,0,0
45475,None,None,None,None,None,None,None,None,0,0
45479,None,None,None,None,None,None,None,None,0,0
45481,None,None,None,None,None,None,None,None,0,0
45482,None,None,None,None,None,None,None,None,0,0
45490,None,None,None,None,None,None,None,None,0,0
45501,None,None,None,None,None,None,None,None,0,0
45502,15779,653,319,117,4138.4,2021.7,741.5,134.4,0,0
45503,32363,1519,671,317,4693.6,2073.4,979.5,1762.1,0,0
45504,17639,754,314,126,4274.6,1780.1,714.3,780.8,1,1964
45505,19919,749,296,118,3760.2,1486.0,592.4,1434.5,1,6400
45506,13868,514,185,70,3706.4,1334.0,504.8,1166.4,0,0
45601,56753,2012,611,263,3545.2,1076.6,463.4,164.9,0,0
45612,4793,116,48,13,2420.2,1001.5,271.2,51.5,0,0
45613,2734,122,53,19,4462.3,1938.6,695,51.6,0,0
45614,4825,143,64,35,2963.7,1326.4,725.4,67.4,0,0
45616,1461,29,22,8,1984.9,1505.8,547.6,17.1,0,0
45617,279,None,None,None,None,None,None,1506.7,0,0
45618,13,None,None,None,None,None,None,310.0,0,0
45619,7585,213,99,42,2808.2,1305.2,553.7,226.5,0,0
45620,955,14,8,5,1466.0,837.7,523.6,48.3,0,0
45621,309,7,None,None,2265.4,None,None,1503.2,0,0
45622,138,5,None,None,3623.2,None,None,15.1,0,0
45623,3075,96,54,10,3122.0,1756.1,325.2,43.6,0,0
45624,None,None,None,None,None,None,None,230.5,0,0
45628,5082,164,55,15,3227.1,1082.3,295.2,56.8,0,0
45629,2855,94,33,11,3292.5,1155.9,385.3,113.8,0,0
45630,80,None,None,None,None,None,None,1712.7,0,0
45631,14630,415,284,132,2836.6,1941.2,902.3,127.7,0,0
45633,None,None,None,None,None,None,None,None,0,0
45634,1926,44,18,9,2284.5,934.6,467.3,54.8,0,0
45636,120,None,None,None,None,None,None,253.5,0,0
45638,21715,866,359,150,3988.0,1653.2,690.8,275.2,0,0
45640,16079,534,233,115,3321.1,1449.1,715.2,91.4,0,0
45642,None,None,None,None,None,None,None,503.6,0,0
45643,None,None,None,None,None,None,None,None,0,0
45644,4679,123,60,19,2628.8,1282.3,406.1,76.4,0,0
45645,2357,107,48,18,4539.7,2036.5,763.7,69.4,0,0
45646,499,None,None,None,None,None,None,16.3,0,0
45647,2579,56,24,9,2171.4,930.6,349,33.6,0,0
45648,12886,355,149,68,2754.9,1156.3,527.7,85.9,0,0
45650,460,12,10,None,2608.7,2173.9,None,13.9,0,0
45651,6019,106,47,17,1761.1,780.9,282.4,41.9,0,0
45652,4120,97,61,15,2354.4,1480.6,364.1,122.5,0,0
45653,3782,135,76,28,3569.5,2009.5,740.3,88.6,0,0
45654,1177,18,8,None,1529.3,679.7,None,16.4,0,0
45656,6364,188,96,36,2954.1,1508.5,565.7,51.7,0,0
45657,1925,60,33,11,3116.9,1714.3,571.4,29.6,0,0
45658,2989,51,19,9,1706.3,635.7,301.1,26.9,0,0
45659,2574,92,45,13,3574.2,1748.3,505.1,29.3,0,0
45660,7246,228,138,50,3146.6,1904.5,690,42.7,0,0
45661,6956,237,125,63,3407.1,1797.0,905.7,68.2,0,0
45662,30289,736,341,124,2429.9,1125.8,409.4,539.1,1,4247
45663,6162,161,83,39,2612.8,1347.0,632.9,98.7,0,0
45669,10040,266,128,41,2649.4,1274.9,408.4,294.1,0,0
45671,274,7,None,None,2554.7,None,None,32.8,0,0
45672,1527,27,10,8,1768.2,654.9,523.9,19.6,0,0
45673,367,19,14,6,5177.1,3814.7,1634.9,745.5,0,0
45674,651,31,10,6,4761.9,1536.1,921.7,434.0,1,2202
45675,None,None,None,None,None,None,None,None,0,0
45677,None,None,None,None,None,None,None,None,0,0
45678,1086,25,16,None,2302.0,1473.3,None,27.9,0,0
45679,2830,89,53,20,3144.9,1872.8,706.7,48.8,0,0
45680,12977,405,183,82,3120.9,1410.2,631.9,373.8,0,0
45681,1670,35,14,None,2095.8,838.3,None,48.4,0,0
45682,2090,54,23,8,2583.7,1100.5,382.8,50.8,0,0
45683,None,None,None,None,None,None,None,None,0,0
45684,2093,44,35,6,2102.2,1672.2,286.7,22.2,0,0
45685,1120,37,12,10,3303.6,1071.4,892.9,37.5,0,0
45686,3699,61,33,17,1649.1,892.1,459.6,39.0,0,0
45687,None,None,None,None,None,None,None,None,0,0
45688,608,18,10,None,2960.5,1644.7,None,17.6,0,0
45690,15599,407,192,70,2609.1,1230.8,448.7,96.9,0,0
45692,8731,253,129,65,2897.7,1477.5,744.5,103.8,0,0
45693,8691,279,171,62,3210.2,1967.6,713.4,63.7,0,0
45694,11618,390,167,59,3356.9,1437.4,507.8,175.7,0,0
45695,657,20,None,None,3044.1,None,None,16.4,0,0
45696,1595,30,16,9,1880.9,1003.1,564.3,38.4,0,0
45697,4759,142,97,35,2983.8,2038.2,735.4,51.8,0,0
45698,305,None,None,None,None,None,None,117.6,0,0
45699,None,None,None,None,None,None,None,None,0,0
45701,35704,1459,312,136,4086.4,873.9,380.9,228.6,1,29217
45710,5222,124,70,33,2374.6,1340.5,631.9,57.7,0,0
45711,1232,10,None,None,811.7,None,None,26.2,0,0
45712,None,None,None,None,None,None,None,None,0,0
45713,None,None,None,None,None,None,None,None,0,0
45714,9388,199,151,56,2119.7,1608.4,596.5,270.5,0,0
45715,2440,53,29,14,2172.1,1188.5,573.8,57.1,0,0
45716,474,13,10,8,2742.6,2109.7,1687.8,1099.5,0,0
45717,None,None,None,None,None,None,None,None,0,0
45719,1019,13,7,5,1275.8,686.9,490.7,1773.3,0,0
45720,None,None,None,None,None,None,None,None,0,0
45721,34,None,None,None,None,None,None,819.8,0,0
45723,3481,38,16,11,1091.6,459.6,316,54.3,0,0
45724,2113,20,18,9,946.5,851.9,425.9,34.5,0,0
45727,401,7,5,None,1745.6,1246.9,None,17.6,0,0
45729,1351,32,22,11,2368.6,1628.4,814.2,53.6,0,0
45732,4438,117,69,29,2636.3,1554.8,653.4,58.4,0,0
45734,466,8,None,None,1716.7,None,None,17.6,0,0
45735,1562,20,15,8,1280.4,960.3,512.2,35.7,0,0
45739,None,None,None,None,None,None,None,None,0,0
45740,383,10,None,None,2611.0,None,None,1649.9,0,0
45741,662,15,9,9,2265.9,1359.5,1359.5,23.4,0,0
45742,2840,61,32,12,2147.9,1126.8,422.5,108.0,0,0
45743,1864,17,10,5,912,536.5,268.2,41.9,0,0
45744,2747,40,30,19,1456.1,1092.1,691.7,43.5,0,0
45745,1618,28,25,10,1730.5,1545.1,618,19.3,0,0
45746,415,5,None,None,1204.8,None,None,27.5,0,0
45750,26906,708,423,198,2631.4,1572.1,735.9,244.7,2,3800
45760,3823,115,19,9,3008.1,497,235.4,187.2,0,0
45761,1843,17,8,None,922.4,434.1,None,58.6,0,0
45764,9418,189,110,64,2006.8,1168.0,679.5,113.4,1,2300
45766,1000,21,11,7,2100.0,1100.0,700,32.7,0,0
45767,2489,51,28,9,2049.0,1124.9,361.6,21.2,0,0
45768,1449,24,18,None,1656.3,1242.2,None,54.5,0,0
45769,7058,98,57,32,1388.5,807.6,453.4,63.5,0,0
45770,596,5,None,None,838.9,None,None,27.7,0,0
45771,3433,45,29,16,1310.8,844.7,466.1,56.7,0,0
45772,1623,22,8,6,1355.5,492.9,369.7,40.9,0,0
45773,70,None,None,None,None,None,None,27.3,0,0
45775,1159,31,11,6,2674.7,949.1,517.7,45.8,0,0
45776,786,15,None,None,1908.4,None,None,23.0,0,0
45777,None,None,None,None,None,None,None,None,0,0
45778,821,14,7,None,1705.2,852.6,None,24.1,0,0
45779,753,19,5,None,2523.2,664,None,794.4,0,0
45780,3176,68,22,13,2141.1,692.7,409.3,1272.7,0,0
45782,492,7,None,None,1422.8,None,None,630.9,0,0
45783,None,None,None,None,None,None,None,None,0,0
45784,3402,52,29,16,1528.5,852.4,470.3,96.0,0,0
45786,3617,64,47,24,1769.4,1299.4,663.5,55.0,0,0
45787,63,None,None,None,None,None,None,1144.6,0,0
45788,1298,24,21,8,1849.0,1617.9,616.3,37.6,0,0
45789,150,None,None,None,None,None,None,2.7,0,0
45801,22688,1071,446,181,4720.6,1965.8,797.8,545.9,0,0
45802,None,None,None,None,None,None,None,None,0,0
45804,15665,640,281,133,4085.5,1793.8,849,675.2,1,3657
45805,23285,1186,539,237,5093.4,2314.8,1017.8,1543.8,1,4111
45806,10608,554,275,114,5222.5,2592.4,1074.7,178.3,0,0
45807,12407,654,337,125,5271.2,2716.2,1007.5,149.5,0,0
45808,363,6,None,None,1652.9,None,None,666.4,0,0
45809,163,5,None,None,3067.5,None,None,401.2,0,0
45810,8230,302,158,64,3669.5,1919.8,777.6,134.5,1,3695
45812,1973,81,50,27,4105.4,2534.2,1368.5,45.4,0,0
45813,3616,115,69,27,3180.3,1908.2,746.7,64.6,0,0
45814,3212,95,52,17,2957.7,1618.9,529.3,79.7,0,0
45815,None,None,None,None,None,None,None,None,0,0
45816,330,5,None,None,1515.2,None,None,1291.4,0,0
45817,6892,311,144,49,4512.5,2089.4,711,103.3,1,1094
45819,265,7,None,None,2641.5,None,None,1039.9,0,0
45820,488,20,15,8,4098.4,3073.8,1639.3,651.7,0,0
45821,1186,46,24,9,3878.6,2023.6,758.9,38.2,0,0
45822,18714,1402,591,166,7491.7,3158.1,887,111.3,0,0
45826,484,27,5,None,5578.5,1033.1,None,1281.0,0,0
45827,2050,130,60,12,6341.5,2926.8,585.4,31.7,0,0
45828,6248,498,181,45,7970.6,2896.9,720.2,183.6,0,0
45830,5796,325,136,41,5607.3,2346.4,707.4,66.0,0,0
45831,3269,194,91,25,5934.5,2783.7,764.8,45.5,0,0
45832,2923,93,53,19,3181.7,1813.2,650,42.5,0,0
45833,10605,596,290,107,5620.0,2734.6,1009.0,152.4,0,0
45835,519,None,None,None,None,None,None,20.0,0,0
45836,1344,50,18,10,3720.2,1339.3,744,65.3,0,0
45837,None,None,None,None,None,None,None,None,0,0
45838,66,None,None,None,None,None,None,227.0,0,0
45839,None,None,None,None,None,None,None,None,0,0
45840,55820,1982,896,363,3550.7,1605.2,650.3,321.1,1,5172
45841,818,34,18,8,4156.5,2200.5,978,32.1,0,0
45843,4117,94,52,23,2283.2,1263.1,558.7,41.3,0,0
45844,3172,184,86,20,5800.8,2711.2,630.5,62.2,0,0
45845,2871,165,63,21,5747.1,2194.4,731.5,95.3,0,0
45846,4297,308,88,21,7167.8,2047.9,488.7,56.4,0,0
45848,None,None,None,None,None,None,None,None,0,0
45849,1084,39,21,10,3597.8,1937.3,922.5,31.5,0,0
45850,3419,159,91,33,4650.5,2661.6,965.2,59.2,0,0
45851,746,27,9,None,3619.3,1206.4,None,18.6,0,0
45853,1264,159,37,5,12579.1,2927.2,395.6,1173.8,0,0
45854,459,20,13,7,4357.3,2832.2,1525.1,1523.7,0,0
45855,154,11,5,None,7142.9,3246.8,None,684.9,0,0
45856,5211,366,150,45,7023.6,2878.5,863.6,48.9,0,0
45858,2880,89,50,21,3090.3,1736.1,729.2,58.9,0,0
45859,508,8,5,None,1574.8,984.3,None,382.7,0,0
45860,2314,176,54,12,7605.9,2333.6,518.6,61.0,0,0
45861,207,6,None,None,2898.6,None,None,74.6,0,0
45862,1524,59,26,9,3871.4,1706.0,590.6,36.1,0,0
45863,1279,42,24,9,3283.8,1876.5,703.7,32.1,0,0
45864,168,7,None,None,4166.7,None,None,114.9,0,0
45865,4905,379,107,25,7726.8,2181.4,509.7,147.5,0,0
45866,142,7,None,None,4929.6,None,None,907.2,0,0
45867,1113,33,16,9,2965.0,1437.6,808.6,41.9,0,0
45868,650,21,13,6,3230.8,2000.0,923.1,42.9,0,0
45869,4811,252,99,36,5238.0,2057.8,748.3,124.8,0,0
45870,246,None,None,None,None,None,None,494.9,0,0
45871,2008,76,40,13,3784.9,1992.0,647.4,74.9,0,0
45872,4106,169,59,41,4115.9,1436.9,998.5,139.7,0,0
45873,2263,80,51,15,3535.1,2253.6,662.8,42.4,0,0
45874,2534,66,56,19,2604.6,2209.9,749.8,41.0,0,0
45875,11403,844,262,69,7401.6,2297.6,605.1,109.8,0,0
45876,705,88,42,11,12482.3,5957.4,1560.3,1242.8,0,0
45877,2148,91,40,13,4236.5,1862.2,605.2,75.1,0,0
45879,5805,257,125,43,4427.2,2153.3,740.7,59.3,0,0
45880,2690,100,53,25,3717.5,1970.3,929.4,39.8,0,0
45881,1252,46,28,9,3674.1,2236.4,718.8,52.4,0,0
45882,2875,175,78,22,6087.0,2713.0,765.2,33.8,0,0
45883,3877,340,88,28,8769.7,2269.8,722.2,111.9,0,0
45884,158,None,None,None,None,None,None,1259.5,0,0
45885,12741,761,367,106,5972.8,2880.5,832,176.1,0,0
45886,502,11,5,None,2191.2,996,None,32.0,0,0
45887,4298,221,110,44,5141.9,2559.3,1023.7,61.8,0,0
45888,188,None,None,None,None,None,None,1291.0,0,0
45889,1634,56,34,12,3427.2,2080.8,734.4,72.6,0,0
45890,488,18,14,None,3688.5,2868.9,None,51.4,0,0
45891,14905,617,369,139,4139.6,2475.7,932.6,113.7,0,0
45893,None,None,None,None,None,None,None,None,0,0
45894,635,24,14,9,3779.5,2204.7,1417.3,17.7,0,0
45895,17930,835,340,125,4657.0,1896.3,697.2,96.6,0,0
45896,1839,84,42,14,4567.7,2283.8,761.3,60.2,0,0
45897,36,None,None,None,None,None,None,130.8,0,0
45898,873,51,29,6,5841.9,3321.9,687.3,37.8,0,0
45899,110,14,8,5,12727.3,7272.7,4545.5,645.3,0,0
45999,None,None,None,None,None,None,None,None,0,0
