Zip Code ,Population ,Case Count - Cumulative,Case Count - Last 30 Days ,Case Count - Last 14 Days ,Case Count Per 100K - Cumulative,Case Count Per 100K - Last 30 Days,Case Count Per 100K - Last 14 Days
43001,2810,85,37,19,3024.9,1316.7,676.2
43002,3744,N/A,N/A,N/A,N/A,N/A,N/A
43003,3005,52,34,19,1730.40,1131.40,632.3
43004,26139,1362,494,212,5210.60,1889.90,811
43005,201,N/A,N/A,N/A,N/A,N/A,N/A
43006,655,13,11,N/A,1984.70,1679.40,N/A
43008,2614,60,36,20,2295.30,1377.20,765.1
43009,2453,39,25,13,1589.90,1019.20,530
43010,260,11,N/A,N/A,4230.80,N/A,N/A
43011,7722,173,79,43,2240.40,1023.10,556.9
43013,809,31,14,5,3831.90,1730.50,618
43014,3507,78,50,14,2224.10,1425.70,399.2
43015,55462,1673,855,466,3016.50,1541.60,840.2
43016,36260,1367,617,285,3770.00,1701.60,786
43017,40649,1598,672,282,3931.20,1653.20,693.7
43019,9295,205,106,38,2205.50,1140.40,408.8
43021,12327,413,189,92,3350.40,1533.20,746.3
43022,4500,45,23,5,1000.00,511.1,111.1
43023,13864,356,142,68,2567.80,1024.20,490.5
43025,5100,147,67,26,2882.40,1313.70,509.8
43026,62169,2476,1027,469,3982.70,1651.90,754.4
43028,8335,213,139,39,2555.50,1667.70,467.9
43029,563,16,8,N/A,2841.90,1421.00,N/A
43030,113,6,N/A,N/A,5309.70,N/A,N/A
43031,13408,361,183,69,2692.40,1364.90,514.6
43032,19,N/A,N/A,N/A,N/A,N/A,N/A
43033,298,10,5,N/A,3355.70,1677.90,N/A
43035,27011,938,379,192,3472.70,1403.10,710.8
43036,270,11,N/A,N/A,4074.10,N/A,N/A
43037,301,8,6,N/A,2657.80,1993.40,N/A
43040,34169,1426,793,277,4173.40,2320.80,810.7
43044,4866,137,78,29,2815.50,1603.00,596
43045,1982,45,32,11,2270.40,1614.50,555
43046,3812,118,61,23,3095.50,1600.20,603.4
43050,28508,724,423,178,2539.60,1483.80,624.4
43054,26953,903,366,151,3350.30,1357.90,560.2
43055,61904,1991,984,421,3216.30,1589.60,680.1
43056,19039,610,321,119,3203.90,1686.00,625
43060,2809,50,29,9,1780.00,1032.40,320.4
43061,4278,126,77,42,2945.30,1799.90,981.8
43062,29460,1163,484,212,3947.70,1642.90,719.6
43064,14243,522,238,111,3665.00,1671.00,779.3
43065,42782,1299,530,256,3036.30,1238.80,598.4
43066,1239,29,14,7,2340.60,1129.90,565
43067,1458,41,30,10,2812.10,2057.60,685.9
43068,55225,2854,1097,421,5167.90,1986.40,762.3
43070,159,9,7,7,5660.40,4402.50,4402.50
43071,1986,79,46,24,3977.80,2316.20,1208.50
43072,5701,146,75,29,2561.00,1315.60,508.7
43074,13229,355,174,90,2683.50,1315.30,680.3
43076,8421,331,112,64,3930.60,1330.00,760
43077,369,10,N/A,N/A,2710.00,N/A,N/A
43078,20446,616,312,152,3012.80,1526.00,743.4
43080,5254,149,65,25,2835.90,1237.20,475.8
43081,61572,2137,894,385,3470.70,1452.00,625.3
43082,33636,892,381,178,2651.90,1132.70,529.2
43084,766,6,N/A,N/A,783.3,N/A,N/A
43085,26216,812,251,100,3097.30,957.4,381.4
43101,285,9,6,N/A,3157.90,2105.30,N/A
43102,4500,151,81,31,3355.60,1800.00,688.9
43103,11006,359,151,68,3261.90,1372.00,617.8
43105,7626,222,124,62,2911.10,1626.00,813
43106,1589,65,12,N/A,4090.60,755.2,N/A
43107,3399,86,49,21,2530.20,1441.60,617.8
43109,82,N/A,N/A,N/A,N/A,N/A,N/A
43110,38817,1531,560,272,3944.10,1442.70,700.7
43111,289,N/A,N/A,N/A,N/A,N/A,N/A
43112,4945,175,80,48,3538.90,1617.80,970.7
43113,24341,626,287,131,2571.80,1179.10,538.2
43115,1493,34,19,N/A,2277.30,1272.60,N/A
43116,1563,105,61,17,6717.90,3902.80,1087.70
43117,212,N/A,N/A,N/A,N/A,N/A,N/A
43119,28551,1044,404,212,3656.60,1415.00,742.5
43123,65442,2416,947,422,3691.80,1447.10,644.8
43125,13551,491,160,69,3623.30,1180.70,509.2
43126,498,11,7,5,2208.80,1405.60,1004.00
43127,240,N/A,N/A,N/A,N/A,N/A,N/A
43128,2558,59,27,13,2306.50,1055.50,508.2
43130,61259,2404,1129,542,3924.30,1843.00,884.8
43135,3914,90,46,18,2299.40,1175.30,459.9
43136,690,71,28,13,10289.90,4058.00,1884.10
43137,2276,66,30,13,2899.80,1318.10,571.2
43138,18107,520,328,108,2871.80,1811.50,596.5
43140,24514,1148,322,172,4683.00,1313.50,701.6
43142,102,N/A,N/A,N/A,N/A,N/A,N/A
43143,5762,179,82,40,3106.60,1423.10,694.2
43144,401,8,N/A,N/A,1995.00,N/A,N/A
43145,2189,61,28,13,2786.70,1279.10,593.9
43146,12275,2871,290,116,23389.00,2362.50,945
43147,41000,1706,667,324,4161.00,1626.80,790.2
43148,2350,46,14,N/A,1957.40,595.7,N/A
43149,2414,60,42,23,2485.50,1739.90,952.8
43150,2158,83,51,29,3846.20,2363.30,1343.80
43151,316,21,8,N/A,6645.60,2531.60,N/A
43152,787,7,N/A,N/A,889.5,N/A,N/A
43153,742,26,10,5,3504.00,1347.70,673.9
43154,3770,79,36,15,2095.50,954.9,397.9
43155,2669,85,47,18,3184.70,1761.00,674.4
43156,201,6,N/A,N/A,2985.10,N/A,N/A
43157,648,14,7,6,2160.50,1080.20,925.9
43158,345,5,N/A,N/A,1449.30,N/A,N/A
43160,21854,783,385,113,3582.90,1761.70,517.1
43162,7189,178,85,52,2476.00,1182.40,723.3
43164,2233,47,27,11,2104.80,1209.10,492.6
43201,33455,3243,666,253,9693.60,1990.70,756.2
43202,21141,670,258,104,3169.20,1220.40,491.9
43203,8368,342,104,49,4087.00,1242.80,585.6
43204,42463,1476,445,194,3476.00,1048.00,456.9
43205,12725,474,191,79,3725.00,1501.00,620.8
43206,22677,777,310,146,3426.40,1367.00,643.8
43207,47265,1714,535,224,3626.40,1131.90,473.9
43209,28516,851,326,181,2984.30,1143.20,634.7
43210,12530,1290,251,109,10295.30,2003.20,869.9
43211,23453,749,200,77,3193.60,852.8,328.3
43212,21350,869,382,153,4070.30,1789.20,716.6
43213,33551,1369,427,210,4080.40,1272.70,625.9
43214,26229,815,310,129,3107.20,1181.90,491.8
43215,14440,1048,441,193,7257.60,3054.00,1336.60
43217,2440,60,15,7,2459.00,614.8,286.9
43219,30526,1654,409,159,5418.30,1339.80,520.9
43220,26549,840,329,157,3164.00,1239.20,591.4
43221,32913,965,420,197,2932.00,1276.10,598.5
43222,4529,197,35,20,4349.70,772.8,441.6
43223,25963,1285,255,107,4949.40,982.2,412.1
43224,44678,1857,466,197,4156.40,1043.00,440.9
43227,24296,1021,335,141,4202.30,1378.80,580.3
43228,54362,2546,731,312,4683.40,1344.70,573.9
43229,53693,2784,666,328,5185.00,1240.40,610.9
43230,58167,2103,827,355,3615.50,1421.80,610.3
43231,21828,1143,339,127,5236.40,1553.10,581.8
43232,45352,1843,568,261,4063.80,1252.40,575.5
43235,42673,1485,570,261,3480.00,1335.70,611.6
43240,4295,197,85,36,4586.70,1979.00,838.2
43302,54023,4372,1110,508,8092.80,2054.70,940.3
43310,2841,84,48,25,2956.70,1689.50,880
43311,18946,660,343,108,3483.60,1810.40,570
43314,3033,96,50,26,3165.20,1648.50,857.2
43315,7272,157,82,34,2159.00,1127.60,467.5
43316,5869,171,88,24,2913.60,1499.40,408.9
43317,153,6,N/A,N/A,3921.60,N/A,N/A
43318,4537,92,43,21,2027.80,947.8,462.9
43319,926,22,12,N/A,2375.80,1295.90,N/A
43320,1524,49,23,13,3215.20,1509.20,853
43321,256,N/A,N/A,N/A,N/A,N/A,N/A
43322,355,10,8,N/A,2816.90,2253.50,N/A
43323,699,26,14,5,3719.60,2002.90,715.3
43324,2963,84,40,16,2835.00,1350.00,540
43326,13745,514,326,206,3739.50,2371.80,1498.70
43330,119,N/A,N/A,N/A,N/A,N/A,N/A
43331,4507,149,96,28,3306.00,2130.00,621.3
43332,1734,55,34,19,3171.90,1960.80,1095.70
43333,509,20,8,N/A,3929.30,1571.70,N/A
43334,6317,157,91,41,2485.40,1440.60,649
43337,1149,37,23,11,3220.20,2001.70,957.4
43338,10164,372,157,77,3660.00,1544.70,757.6
43340,1845,39,27,9,2113.80,1463.40,487.8
43341,948,38,22,13,4008.40,2320.70,1371.30
43342,2861,115,59,18,4019.60,2062.20,629.2
43343,1012,36,16,10,3557.30,1581.00,988.1
43344,5996,128,78,24,2134.80,1300.90,400.3
43345,742,35,21,12,4717.00,2830.20,1617.30
43347,1501,36,19,11,2398.40,1265.80,732.8
43348,1736,61,42,19,3513.80,2419.40,1094.50
43351,10013,417,241,77,4164.60,2406.90,769
43356,1388,37,16,6,2665.70,1152.70,432.3
43357,3921,112,78,32,2856.40,1989.30,816.1
43358,2588,70,40,15,2704.80,1545.60,579.6
43359,818,21,8,5,2567.20,978,611.2
43360,1600,39,24,13,2437.50,1500.00,812.5
43402,32259,1422,511,214,4408.10,1584.10,663.4
43403,5501,185,60,29,3363.00,1090.70,527.2
43406,1920,58,14,N/A,3020.80,729.2,N/A
43407,729,16,N/A,N/A,2194.80,N/A,N/A
43408,270,15,6,N/A,5555.60,2222.20,N/A
43410,10030,338,167,59,3369.90,1665.00,588.2
43412,4373,128,60,19,2927.10,1372.10,434.5
43413,1522,44,20,12,2890.90,1314.10,788.4
43416,2989,74,38,21,2475.70,1271.30,702.6
43420,30133,860,436,187,2854.00,1446.90,620.6
43430,4504,176,64,24,3907.60,1421.00,532.9
43431,4868,208,55,19,4272.80,1129.80,390.3
43432,1278,38,14,9,2973.40,1095.50,704.2
43433,85,N/A,N/A,N/A,N/A,N/A,N/A
43434,61,N/A,N/A,N/A,N/A,N/A,N/A
43435,1345,41,24,N/A,3048.30,1784.40,N/A
43437,578,11,N/A,N/A,1903.10,N/A,N/A
43438,202,6,5,N/A,2970.30,2475.20,N/A
43439,53,N/A,N/A,N/A,N/A,N/A,N/A
43440,4738,145,87,30,3060.40,1836.20,633.2
43442,1170,16,8,N/A,1367.50,683.8,N/A
43443,1920,53,27,11,2760.40,1406.30,572.9
43445,1239,26,12,7,2098.50,968.5,565
43446,88,N/A,N/A,N/A,N/A,N/A,N/A
43447,3645,119,51,13,3264.70,1399.20,356.7
43449,8219,183,94,38,2226.50,1143.70,462.3
43450,3636,104,47,16,2860.30,1292.60,440
43451,1251,29,10,N/A,2318.10,799.4,N/A
43452,13674,469,226,72,3429.90,1652.80,526.5
43456,291,51,N/A,N/A,17525.80,N/A,N/A
43457,1536,54,24,11,3515.60,1562.50,716.1
43458,521,N/A,N/A,N/A,N/A,N/A,N/A
43460,6498,251,107,38,3862.70,1646.70,584.8
43462,1191,32,17,12,2686.80,1427.40,1007.60
43463,39,N/A,N/A,N/A,N/A,N/A,N/A
43464,1377,44,21,N/A,3195.40,1525.10,N/A
43465,5273,163,65,26,3091.20,1232.70,493.1
43466,2059,53,30,10,2574.10,1457.00,485.7
43467,85,N/A,N/A,N/A,N/A,N/A,N/A
43468,401,35,17,5,8728.20,4239.40,1246.90
43469,2948,90,54,22,3052.90,1831.80,746.3
43501,870,23,13,N/A,2643.70,1494.30,N/A
43502,6609,201,118,47,3041.30,1785.40,711.2
43504,1261,31,19,7,2458.40,1506.70,555.1
43505,52,N/A,N/A,N/A,N/A,N/A,N/A
43506,14192,478,278,106,3368.10,1958.90,746.9
43511,1075,23,7,N/A,2139.50,651.2,N/A
43512,27951,1204,621,180,4307.50,2221.70,644
43515,8582,197,109,48,2295.50,1270.10,559.3
43516,2742,92,43,17,3355.20,1568.20,620
43517,4134,108,54,15,2612.50,1306.20,362.8
43518,2524,76,46,18,3011.10,1822.50,713.2
43519,333,5,N/A,N/A,1501.50,N/A,N/A
43521,2742,80,51,23,2917.60,1860.00,838.8
43522,3291,68,35,15,2066.20,1063.50,455.8
43523,20,N/A,N/A,N/A,N/A,N/A,N/A
43524,1302,33,12,N/A,2534.60,921.7,N/A
43525,1096,47,18,6,4288.30,1642.30,547.4
43526,5890,203,137,42,3446.50,2326.00,713.1
43527,1986,161,79,36,8106.70,3977.80,1812.70
43528,15919,685,280,141,4303.00,1758.90,885.7
43529,328,N/A,N/A,N/A,N/A,N/A,N/A
43531,308,N/A,N/A,N/A,N/A,N/A,N/A
43532,3972,84,30,13,2114.80,755.3,327.3
43533,1702,41,17,7,2408.90,998.8,411.3
43534,1739,54,25,13,3105.20,1437.60,747.6
43535,719,28,13,N/A,3894.30,1808.10,N/A
43536,161,8,6,N/A,4968.90,3726.70,N/A
43537,27097,1226,535,267,4524.50,1974.40,985.3
43540,1358,47,23,5,3461.00,1693.70,368.2
43541,140,6,N/A,N/A,4285.70,N/A,N/A
43542,3687,172,89,52,4665.00,2413.90,1410.40
43543,7785,216,144,42,2774.60,1849.70,539.5
43545,14182,579,228,77,4082.60,1607.70,542.9
43547,179,6,6,5,3352.00,3352.00,2793.30
43548,587,29,10,N/A,4940.40,1703.60,N/A
43549,1310,40,26,10,3053.40,1984.70,763.4
43551,38839,1678,736,329,4320.40,1895.00,847.1
43553,139,14,5,N/A,10071.90,3597.10,N/A
43554,2371,71,51,11,2994.50,2151.00,463.9
43555,313,8,6,N/A,2555.90,1916.90,N/A
43556,1765,50,34,17,2832.90,1926.30,963.2
43557,3324,119,47,23,3580.00,1414.00,691.9
43558,12662,468,230,96,3696.10,1816.50,758.2
43560,32275,1347,612,261,4173.50,1896.20,808.7
43565,502,10,7,5,1992.00,1394.40,996
43566,7926,342,152,72,4314.90,1917.70,908.4
43567,13247,511,247,94,3857.50,1864.60,709.6
43569,2896,58,26,16,2002.80,897.8,552.5
43570,3195,113,60,23,3536.80,1877.90,719.9
43571,7526,273,141,56,3627.40,1873.50,744.1
43604,8920,348,104,49,3901.30,1165.90,549.3
43605,26096,605,185,97,2318.40,708.9,371.7
43606,25219,839,307,153,3326.90,1217.30,606.7
43607,21117,791,206,112,3745.80,975.5,530.4
43608,14570,431,124,81,2958.10,851.1,555.9
43609,21936,630,195,108,2872.00,888.9,492.3
43610,4343,117,43,25,2694.00,990.1,575.6
43611,18579,619,299,156,3331.70,1609.30,839.7
43612,29686,895,347,161,3014.90,1168.90,542.3
43613,32653,1134,460,216,3472.90,1408.80,661.5
43614,31607,1223,493,264,3869.40,1559.80,835.3
43615,39786,1424,529,259,3579.10,1329.60,651
43616,20380,914,352,181,4484.80,1727.20,888.1
43617,7268,281,151,71,3866.30,2077.60,976.9
43619,7296,252,110,55,3453.90,1507.70,753.8
43620,5863,159,57,36,2711.90,972.2,614
43623,19936,757,357,154,3797.20,1790.70,772.5
43701,55595,1761,957,492,3167.60,1721.40,885
43711,116,N/A,N/A,N/A,N/A,N/A,N/A
43713,7066,251,161,64,3552.20,2278.50,905.7
43716,1874,49,30,13,2614.70,1600.90,693.7
43717,143,6,N/A,N/A,4195.80,N/A,N/A
43718,2926,67,49,11,2289.80,1674.60,375.9
43719,2689,62,31,11,2305.70,1152.80,409.1
43720,1331,33,22,N/A,2479.30,1652.90,N/A
43721,81,N/A,N/A,N/A,N/A,N/A,N/A
43722,306,N/A,N/A,N/A,N/A,N/A,N/A
43723,5185,130,61,27,2507.20,1176.50,520.7
43724,9319,500,314,89,5365.40,3369.50,955
43725,19592,521,266,153,2659.20,1357.70,780.9
43727,1163,48,30,15,4127.30,2579.50,1289.80
43728,1602,23,14,8,1435.70,873.9,499.4
43730,2287,53,32,19,2317.40,1399.20,830.8
43731,5379,144,96,61,2677.10,1784.70,1134.00
43732,1448,37,18,7,2555.20,1243.10,483.4
43734,1738,39,30,20,2244.00,1726.10,1150.70
43735,438,12,10,N/A,2739.70,2283.10,N/A
43736,35,N/A,N/A,N/A,N/A,N/A,N/A
43738,103,N/A,N/A,N/A,N/A,N/A,N/A
43739,2179,51,31,15,2340.50,1422.70,688.4
43740,277,5,N/A,N/A,1805.10,N/A,N/A
43746,1215,25,14,8,2057.60,1152.30,658.4
43747,879,19,11,6,2161.50,1251.40,682.6
43748,2752,64,35,18,2325.60,1271.80,654.1
43749,2376,44,19,8,1851.90,799.7,336.7
43750,115,N/A,N/A,N/A,N/A,N/A,N/A
43754,1618,30,10,N/A,1854.10,618,N/A
43755,1983,22,8,N/A,1109.40,403.4,N/A
43756,4834,147,104,61,3041.00,2151.40,1261.90
43758,3060,60,33,18,1960.80,1078.40,588.2
43759,57,N/A,N/A,N/A,N/A,N/A,N/A
43760,2138,29,14,10,1356.40,654.8,467.7
43761,49,N/A,N/A,N/A,N/A,N/A,N/A
43762,5997,154,75,42,2568.00,1250.60,700.4
43764,8750,305,114,56,3485.70,1302.90,640
43766,1543,29,14,7,1879.50,907.3,453.7
43767,986,42,30,12,4259.60,3042.60,1217.00
43768,497,7,6,N/A,1408.50,1207.20,N/A
43771,1895,43,30,19,2269.10,1583.10,1002.60
43772,1880,67,42,12,3563.80,2234.00,638.3
43773,3668,73,42,15,1990.20,1145.00,408.9
43777,4823,93,57,34,1928.30,1181.80,705
43778,1148,26,17,11,2264.80,1480.80,958.2
43779,855,40,21,N/A,4678.40,2456.10,N/A
43780,1697,71,26,14,4183.90,1532.10,825
43782,673,13,8,N/A,1931.60,1188.70,N/A
43783,4731,83,47,17,1754.40,993.4,359.3
43786,35,N/A,N/A,N/A,N/A,N/A,N/A
43787,3111,27,17,8,867.9,546.4,257.2
43788,754,24,18,N/A,3183.00,2387.30,N/A
43793,4901,151,45,28,3081.00,918.2,571.3
43802,1008,37,26,15,3670.60,2579.40,1488.10
43804,3786,92,19,N/A,2430.00,501.8,N/A
43805,81,N/A,N/A,N/A,N/A,N/A,N/A
43811,835,25,9,N/A,2994.00,1077.80,N/A
43812,18640,487,219,69,2612.70,1174.90,370.2
43821,4389,148,104,41,3372.10,2369.60,934.2
43822,5115,136,89,37,2658.80,1740.00,723.4
43824,4116,53,22,13,1287.70,534.5,315.8
43830,5775,229,141,54,3965.40,2441.60,935.1
43832,7349,234,111,61,3184.10,1510.40,830
43836,108,N/A,N/A,N/A,N/A,N/A,N/A
43837,1658,46,34,12,2774.40,2050.70,723.8
43840,1253,33,16,9,2633.70,1276.90,718.3
43842,330,10,7,N/A,3030.30,2121.20,N/A
43843,1062,31,18,7,2919.00,1694.90,659.1
43844,3519,83,55,21,2358.60,1562.90,596.8
43845,4607,181,124,39,3928.80,2691.60,846.5
43901,1984,48,18,10,2419.40,907.3,504
43902,116,7,6,N/A,6034.50,5172.40,N/A
43903,2108,32,13,8,1518.00,616.7,379.5
43905,107,N/A,N/A,N/A,N/A,N/A,N/A
43906,8643,146,76,30,1689.20,879.3,347.1
43907,5760,100,54,28,1736.10,937.5,486.1
43908,1599,23,7,N/A,1438.40,437.8,N/A
43910,3208,62,42,22,1932.70,1309.20,685.8
43912,6317,135,77,44,2137.10,1218.90,696.5
43913,1596,21,11,6,1315.80,689.2,375.9
43914,194,5,N/A,N/A,2577.30,N/A,N/A
43915,1172,36,15,6,3071.70,1279.90,511.9
43917,3380,41,19,8,1213.00,562.1,236.7
43920,22290,547,337,191,2454.00,1511.90,856.9
43925,425,N/A,N/A,N/A,N/A,N/A,N/A
43926,236,6,6,N/A,2542.40,2542.40,N/A
43927,124,N/A,N/A,N/A,N/A,N/A,N/A
43928,21,N/A,N/A,N/A,N/A,N/A,N/A
43930,795,16,11,6,2012.60,1383.60,754.7
43931,375,7,5,N/A,1866.70,1333.30,N/A
43932,836,18,15,11,2153.10,1794.30,1315.80
43933,1875,31,22,6,1653.30,1173.30,320
43934,466,5,N/A,N/A,1073.00,N/A,N/A
43935,8870,185,117,51,2085.70,1319.10,575
43938,5320,95,65,35,1785.70,1221.80,657.9
43939,439,8,N/A,N/A,1822.30,N/A,N/A
43940,102,7,N/A,N/A,6862.70,N/A,N/A
43942,2767,53,36,8,1915.40,1301.00,289.1
43943,3029,53,30,17,1749.80,990.4,561.2
43944,2221,44,35,24,1981.10,1575.90,1080.60
43945,3189,49,18,9,1536.50,564.4,282.2
43946,2136,41,23,9,1919.50,1076.80,421.3
43947,5297,147,81,28,2775.20,1529.20,528.6
43948,586,N/A,N/A,N/A,N/A,N/A,N/A
43950,16446,615,214,64,3739.50,1301.20,389.2
43951,64,N/A,N/A,N/A,N/A,N/A,N/A
43952,18498,518,341,222,2800.30,1843.40,1200.10
43953,11656,263,144,81,2256.30,1235.40,694.9
43961,363,5,N/A,N/A,1377.40,N/A,N/A
43962,92,N/A,N/A,N/A,N/A,N/A,N/A
43963,1385,24,18,7,1732.90,1299.60,505.4
43964,8642,185,127,95,2140.70,1469.60,1099.30
43968,6212,185,123,80,2978.10,1980.00,1287.80
43970,80,N/A,N/A,N/A,N/A,N/A,N/A
43971,1100,19,6,N/A,1727.30,545.5,N/A
43972,121,N/A,N/A,N/A,N/A,N/A,N/A
43973,2281,20,15,9,876.8,657.6,394.6
43974,75,N/A,N/A,N/A,N/A,N/A,N/A
43976,1661,39,25,17,2348.00,1505.10,1023.50
43977,2289,38,13,N/A,1660.10,567.9,N/A
43983,454,N/A,N/A,N/A,N/A,N/A,N/A
43985,93,N/A,N/A,N/A,N/A,N/A,N/A
43986,2332,30,14,11,1286.40,600.3,471.7
43988,2263,36,20,9,1590.80,883.8,397.7
44001,21130,466,315,152,2205.40,1490.80,719.4
44003,4228,87,57,20,2057.70,1348.20,473
44004,31474,745,417,164,2367.00,1324.90,521.1
44010,1555,36,25,12,2315.10,1607.70,771.7
44011,22786,589,336,172,2584.90,1474.60,754.8
44012,23777,642,361,198,2700.10,1518.30,832.7
44017,18903,511,286,137,2703.30,1513.00,724.8
44021,6244,105,45,25,1681.60,720.7,400.4
44022,16604,420,211,122,2529.50,1270.80,734.8
44023,17473,419,239,121,2398.00,1367.80,692.5
44024,23834,682,424,201,2861.50,1779.00,843.3
44026,10989,305,181,93,2775.50,1647.10,846.3
44028,9000,189,108,59,2100.00,1200.00,655.6
44030,15949,364,200,76,2282.30,1254.00,476.5
44032,1516,19,14,N/A,1253.30,923.5,N/A
44035,63318,1459,800,383,2304.20,1263.50,604.9
44039,33018,907,454,250,2747.00,1375.00,757.2
44040,2903,114,71,41,3927.00,2445.70,1412.30
44041,14321,369,232,110,2576.60,1620.00,768.1
44044,15400,351,160,74,2279.20,1039.00,480.5
44045,477,14,10,6,2935.00,2096.40,1257.90
44046,2473,47,30,16,1900.50,1213.10,647
44047,9122,280,204,71,3069.50,2236.40,778.3
44048,2529,44,33,15,1739.80,1304.90,593.1
44049,224,N/A,N/A,N/A,N/A,N/A,N/A
44050,6384,187,114,69,2929.20,1785.70,1080.80
44052,28576,643,392,207,2250.10,1371.80,724.4
44053,18895,489,292,176,2588.00,1545.40,931.5
44054,12613,314,186,95,2489.50,1474.70,753.2
44055,19943,448,204,122,2246.40,1022.90,611.7
44056,11808,370,179,88,3133.50,1515.90,745.3
44057,19482,620,448,229,3182.40,2299.60,1175.40
44060,60476,1896,1327,590,3135.10,2194.30,975.6
44062,14523,321,91,47,2210.30,626.6,323.6
44064,1724,47,21,7,2726.20,1218.10,406
44065,4522,86,58,30,1901.80,1282.60,663.4
44067,20470,650,324,148,3175.40,1582.80,723
44070,31847,903,402,235,2835.40,1262.30,737.9
44072,4420,124,67,36,2805.40,1515.80,814.5
44074,11376,146,105,55,1283.40,923,483.5
44076,5022,87,46,21,1732.40,916,418.2
44077,56353,1621,1067,538,2876.50,1893.40,954.7
44080,92,N/A,N/A,N/A,N/A,N/A,N/A
44081,7104,176,126,59,2477.50,1773.60,830.5
44082,2464,14,10,5,568.2,405.8,202.9
44084,3749,104,77,22,2774.10,2053.90,586.8
44085,3448,52,29,13,1508.10,841.1,377
44086,2558,39,27,10,1524.60,1055.50,390.9
44087,20595,721,326,130,3500.80,1582.90,631.2
44089,15527,376,224,102,2421.60,1442.60,656.9
44090,11996,215,132,63,1792.30,1100.40,525.2
44092,16677,734,462,174,4401.30,2770.30,1043.40
44093,1210,23,15,N/A,1900.80,1239.70,N/A
44094,35755,1502,906,359,4200.80,2533.90,1004.10
44095,33340,1073,760,300,3218.40,2279.50,899.8
44099,2334,39,17,7,1671.00,728.4,299.9
44101,610,11,7,N/A,1803.30,1147.50,N/A
44102,45514,1231,599,335,2704.70,1316.10,736
44103,16519,554,181,84,3353.70,1095.70,508.5
44104,19640,472,158,85,2403.30,804.5,432.8
44105,37211,969,375,225,2604.10,1007.80,604.7
44106,25752,726,288,114,2819.20,1118.40,442.7
44107,50666,1634,802,397,3225.00,1582.90,783.6
44108,21939,630,217,116,2871.60,989.1,528.7
44109,40246,1073,549,333,2666.10,1364.10,827.4
44110,19116,520,199,107,2720.20,1041.00,559.7
44111,42821,1169,577,302,2730.00,1347.50,705.3
44112,21909,567,222,120,2588.00,1013.30,547.7
44113,20358,896,335,147,4401.20,1645.50,722.1
44114,6567,272,108,56,4141.90,1644.60,852.7
44115,8284,380,143,61,4587.20,1726.20,736.4
44116,20338,578,274,146,2842.00,1347.20,717.9
44117,9611,352,149,67,3662.50,1550.30,697.1
44118,38833,1198,452,274,3085.00,1164.00,705.6
44119,13108,480,232,128,3661.90,1769.90,976.5
44120,34276,912,317,167,2660.80,924.8,487.2
44121,33211,1242,523,250,3739.70,1574.80,752.8
44122,33342,1175,462,259,3524.10,1385.60,776.8
44123,16515,707,265,108,4281.00,1604.60,654
44124,37737,1273,628,305,3373.30,1664.10,808.2
44125,27939,998,421,210,3572.10,1506.90,751.6
44126,16372,487,238,125,2974.60,1453.70,763.5
44127,4375,78,31,12,1782.90,708.6,274.3
44128,28790,1066,342,210,3702.70,1187.90,729.4
44129,28276,913,412,213,3228.90,1457.10,753.3
44130,49787,1501,755,370,3014.80,1516.50,743.2
44131,20532,642,300,130,3126.80,1461.10,633.2
44132,14805,540,220,95,3647.40,1486.00,641.7
44133,30225,941,446,211,3113.30,1475.60,698.1
44134,37533,1233,523,232,3285.10,1393.40,618.1
44135,27640,773,334,176,2796.70,1208.40,636.8
44136,25776,752,374,186,2917.40,1451.00,721.6
44137,22657,938,336,184,4140.00,1483.00,812.1
44138,22378,536,296,161,2395.20,1322.70,719.5
44139,24212,706,324,184,2915.90,1338.20,760
44140,15391,399,211,107,2592.40,1370.90,695.2
44141,13830,394,196,92,2848.90,1417.20,665.2
44142,18674,543,274,138,2907.80,1467.30,739
44143,24241,1056,474,226,4356.30,1955.40,932.3
44144,21697,659,316,157,3037.30,1456.40,723.6
44145,32378,1189,526,292,3672.20,1624.60,901.8
44146,29223,1035,399,225,3541.70,1365.40,769.9
44147,19361,553,299,150,2856.30,1544.30,774.8
44149,18976,587,253,131,3093.40,1333.30,690.3
44201,6944,119,59,34,1713.70,849.7,489.6
44202,20408,638,303,155,3126.20,1484.70,759.5
44203,40442,830,461,217,2052.30,1139.90,536.6
44212,44380,1502,790,361,3384.40,1780.10,813.4
44214,2267,48,27,11,2117.30,1191.00,485.2
44215,2323,57,29,16,2453.70,1248.40,688.8
44216,9540,236,129,58,2473.80,1352.20,608
44217,3997,95,48,16,2376.80,1200.90,400.3
44221,29154,738,367,206,2531.40,1258.80,706.6
44223,17722,590,294,134,3329.20,1659.00,756.1
44224,39564,1031,518,271,2605.90,1309.30,685
44230,8549,242,131,76,2830.70,1532.30,889
44231,8777,160,82,51,1822.90,934.3,581.1
44233,7927,206,107,53,2598.70,1349.80,668.6
44234,4177,65,32,14,1556.10,766.1,335.2
44235,1916,21,11,N/A,1096.00,574.1,N/A
44236,25518,626,296,136,2453.20,1160.00,533
44240,39536,1154,482,225,2918.90,1219.10,569.1
44241,16638,437,218,124,2626.50,1310.30,745.3
44243,4721,114,38,18,2414.70,804.9,381.3
44250,1110,23,12,7,2072.10,1081.10,630.6
44251,922,21,15,7,2277.70,1626.90,759.2
44253,3212,76,35,16,2366.10,1089.70,498.1
44254,4960,93,53,17,1875.00,1068.50,342.7
44255,8223,144,81,42,1751.20,985,510.8
44256,62916,1892,1018,500,3007.20,1618.00,794.7
44260,13166,270,158,88,2050.70,1200.10,668.4
44262,5049,124,76,29,2455.90,1505.20,574.4
44264,3073,139,24,10,4523.30,781,325.4
44266,33894,641,367,217,1891.20,1082.80,640.2
44270,8800,210,68,25,2386.40,772.7,284.1
44272,5176,140,91,45,2704.80,1758.10,869.4
44273,7172,130,70,36,1812.60,976,502
44274,246,6,N/A,N/A,2439.00,N/A,N/A
44275,3280,75,43,13,2286.60,1311.00,396.3
44276,1795,35,18,10,1949.90,1002.80,557.1
44278,17951,481,251,135,2679.50,1398.30,752
44280,4641,164,99,49,3533.70,2133.20,1055.80
44281,32161,765,411,210,2378.70,1277.90,653
44285,25,N/A,N/A,N/A,N/A,N/A,N/A
44286,6193,164,111,61,2648.20,1792.30,985
44287,7688,148,76,28,1925.10,988.6,364.2
44288,3521,58,33,20,1647.30,937.2,568
44301,15060,327,177,82,2171.30,1175.30,544.5
44302,5127,113,49,23,2204.00,955.7,448.6
44303,7766,234,144,60,3013.10,1854.20,772.6
44304,5028,135,56,18,2685.00,1113.80,358
44305,22425,438,218,105,1953.20,972.1,468.2
44306,21165,452,198,96,2135.60,935.5,453.6
44307,6751,167,62,34,2473.70,918.4,503.6
44308,943,33,14,N/A,3499.50,1484.60,N/A
44310,26659,1244,291,144,4666.30,1091.60,540.2
44311,8447,152,59,30,1799.50,698.5,355.2
44312,31064,756,418,230,2433.70,1345.60,740.4
44313,24580,725,357,178,2949.60,1452.40,724.2
44314,19113,321,167,79,1679.50,873.8,413.3
44319,22647,757,373,161,3342.60,1647.00,710.9
44320,19419,453,158,98,2332.80,813.6,504.7
44321,15346,509,249,104,3316.80,1622.60,677.7
44333,18778,544,277,133,2897.00,1475.10,708.3
44401,2903,54,22,10,1860.10,757.8,344.5
44402,3228,73,42,20,2261.50,1301.10,619.6
44403,3904,98,39,17,2510.20,999,435.5
44404,1446,28,21,9,1936.40,1452.30,622.4
44405,7969,294,175,94,3689.30,2196.00,1179.60
44406,21749,820,421,201,3770.30,1935.70,924.2
44408,10043,402,160,95,4002.80,1593.10,945.9
44410,16702,621,436,178,3718.10,2610.50,1065.70
44411,2328,50,29,12,2147.80,1245.70,515.5
44412,2630,48,27,7,1825.10,1026.60,266.2
44413,7371,151,90,50,2048.60,1221.00,678.3
44417,1736,36,17,8,2073.70,979.3,460.8
44418,1531,33,20,9,2155.50,1306.30,587.9
44420,14796,440,216,82,2973.80,1459.90,554.2
44423,2423,52,34,15,2146.10,1403.20,619.1
44425,14354,412,224,87,2870.30,1560.50,606.1
44427,1406,36,18,6,2560.50,1280.20,426.7
44428,3045,69,48,35,2266.00,1576.40,1149.40
44429,2544,36,26,11,1415.10,1022.00,432.4
44430,4777,185,44,20,3872.70,921.1,418.7
44431,4514,118,51,23,2614.10,1129.80,509.5
44432,13279,1203,140,78,9059.40,1054.30,587.4
44436,3695,111,59,33,3004.10,1596.80,893.1
44437,4406,134,56,30,3041.30,1271.00,680.9
44438,4300,165,52,15,3837.20,1209.30,348.8
44439,147,N/A,N/A,N/A,N/A,N/A,N/A
44440,4960,213,81,40,4294.40,1633.10,806.5
44441,1757,46,26,18,2618.10,1479.80,1024.50
44442,3938,162,68,30,4113.80,1726.80,761.8
44443,1672,45,20,10,2691.40,1196.20,598.1
44444,9563,189,112,58,1976.40,1171.20,606.5
44445,3604,87,46,28,2414.00,1276.40,776.9
44446,20150,650,366,151,3225.80,1816.40,749.4
44449,1264,31,16,9,2452.50,1265.80,712
44450,2041,40,26,12,1959.80,1273.90,587.9
44451,2817,102,53,19,3620.90,1881.40,674.5
44452,3444,195,100,73,5662.00,2903.60,2119.60
44454,982,34,18,13,3462.30,1833.00,1323.80
44455,1665,35,13,8,2102.10,780.8,480.5
44460,25258,916,369,146,3626.60,1460.90,578
44470,3953,69,47,31,1745.50,1189.00,784.2
44471,10742,324,200,108,3016.20,1861.90,1005.40
44473,3609,114,73,34,3158.80,2022.70,942.1
44481,9617,254,159,82,2641.20,1653.30,852.7
44483,24836,767,448,202,3088.30,1803.80,813.3
44484,21804,725,436,195,3325.10,1999.60,894.3
44485,16101,325,164,73,2018.50,1018.60,453.4
44490,970,24,13,5,2474.20,1340.20,515.5
44491,3517,78,30,17,2217.80,853,483.4
44493,29,N/A,N/A,N/A,N/A,N/A,N/A
44502,9336,294,159,87,3149.10,1703.10,931.9
44503,1130,49,28,16,4336.30,2477.90,1415.90
44504,4799,191,53,25,3980.00,1104.40,520.9
44505,17985,672,270,122,3736.40,1501.30,678.3
44506,2877,78,28,11,2711.20,973.2,382.3
44507,5409,110,58,32,2033.60,1072.30,591.6
44509,11911,337,112,49,2829.30,940.3,411.4
44510,2601,65,27,10,2499.00,1038.10,384.5
44511,19966,652,305,154,3265.60,1527.60,771.3
44512,32763,1261,527,260,3848.90,1608.50,793.6
44514,21659,902,510,281,4164.60,2354.70,1297.40
44515,26662,943,454,222,3536.90,1702.80,832.6
44601,34740,911,474,198,2622.30,1364.40,569.9
44606,8718,216,62,23,2477.60,711.2,263.8
44607,178,N/A,N/A,N/A,N/A,N/A,N/A
44608,2439,49,24,11,2009.00,984,451
44609,3935,125,56,20,3176.60,1423.10,508.3
44610,160,32,12,N/A,20000.00,7500.00,N/A
44611,2121,53,29,13,2498.80,1367.30,612.9
44612,5518,151,87,37,2736.50,1576.70,670.5
44613,2012,54,40,14,2683.90,1988.10,695.8
44614,12628,393,217,130,3112.10,1718.40,1029.50
44615,10312,241,98,51,2337.10,950.3,494.6
44618,6787,276,139,44,4066.60,2048.00,648.3
44620,2057,21,15,8,1020.90,729.2,388.9
44621,4476,193,128,51,4311.90,2859.70,1139.40
44622,17895,973,446,160,5437.30,2492.30,894.1
44624,5308,171,39,20,3221.60,734.7,376.8
44625,1918,32,16,7,1668.40,834.2,365
44626,3015,59,33,17,1956.90,1094.50,563.8
44627,6829,152,32,9,2225.80,468.6,131.8
44628,932,35,23,7,3755.40,2467.80,751.1
44629,2661,98,63,25,3682.80,2367.50,939.5
44632,9831,282,159,70,2868.50,1617.30,712
44633,2634,68,13,N/A,2581.60,493.5,N/A
44634,2246,47,29,16,2092.60,1291.20,712.4
44637,3281,91,38,15,2773.50,1158.20,457.2
44638,1453,36,12,8,2477.60,825.9,550.6
44640,235,N/A,N/A,N/A,N/A,N/A,N/A
44641,20239,531,282,127,2623.60,1393.30,627.5
44643,3585,66,27,14,1841.00,753.1,390.5
44644,4949,94,53,22,1899.40,1070.90,444.5
44645,2299,59,28,13,2566.30,1217.90,565.5
44646,46749,1353,731,348,2894.20,1563.70,744.4
44647,19172,404,242,112,2107.20,1262.30,584.2
44651,656,9,N/A,N/A,1372.00,N/A,N/A
44652,32,N/A,N/A,N/A,N/A,N/A,N/A
44653,673,19,16,7,2823.20,2377.40,1040.10
44654,21043,729,221,82,3464.30,1050.20,389.7
44656,2836,55,38,19,1939.40,1339.90,670
44657,9583,183,90,51,1909.60,939.2,532.2
44659,136,14,N/A,N/A,10294.10,N/A,N/A
44661,153,8,N/A,N/A,5228.80,N/A,N/A
44662,10020,296,190,76,2954.10,1896.20,758.5
44663,24914,918,502,188,3684.70,2014.90,754.6
44666,2667,68,49,23,2549.70,1837.30,862.4
44667,13410,384,166,67,2863.50,1237.90,499.6
44669,1347,21,13,7,1559.00,965.1,519.7
44670,172,N/A,N/A,N/A,N/A,N/A,N/A
44671,290,5,N/A,N/A,1724.10,N/A,N/A
44672,4748,214,51,29,4507.20,1074.10,610.8
44675,1825,31,19,11,1698.60,1041.10,602.7
44676,4402,116,56,25,2635.20,1272.10,567.9
44677,2463,80,37,9,3248.10,1502.20,365.4
44678,344,6,N/A,N/A,1744.20,N/A,N/A
44680,4455,143,78,21,3209.90,1750.80,471.4
44681,7987,381,109,23,4770.30,1364.70,288
44682,1030,39,26,12,3786.40,2524.30,1165.00
44683,8552,288,189,103,3367.60,2210.00,1204.40
44685,27842,824,456,235,2959.60,1637.80,844
44687,275,98,27,8,35636.40,9818.20,2909.10
44688,2816,55,22,10,1953.10,781.3,355.1
44689,786,16,6,N/A,2035.60,763.4,N/A
44690,213,7,N/A,N/A,3286.40,N/A,N/A
44691,45048,1522,547,235,3378.60,1214.30,521.7
44693,41,N/A,N/A,N/A,N/A,N/A,N/A
44695,1578,34,29,22,2154.60,1837.80,1394.20
44697,204,N/A,N/A,N/A,N/A,N/A,N/A
44699,811,18,15,5,2219.50,1849.60,616.5
44702,948,53,42,37,5590.70,4430.40,3903.00
44703,8081,182,63,30,2252.20,779.6,371.2
44704,3490,76,31,16,2177.70,888.3,458.5
44705,19451,387,153,73,1989.60,786.6,375.3
44706,17413,391,169,73,2245.40,970.5,419.2
44707,8802,172,67,34,1954.10,761.2,386.3
44708,25541,672,310,138,2631.10,1213.70,540.3
44709,19217,535,286,130,2784.00,1488.30,676.5
44710,9557,175,82,45,1831.10,858,470.9
44714,8442,226,106,55,2677.10,1255.60,651.5
44718,11895,440,209,98,3699.00,1757.00,823.9
44720,38080,1264,665,323,3319.30,1746.30,848.2
44721,14149,415,237,99,2933.10,1675.00,699.7
44730,5847,115,58,29,1966.80,992,496
44802,951,25,13,N/A,2628.80,1367.00,N/A
44804,940,28,12,7,2978.70,1276.60,744.7
44805,32833,795,443,188,2421.30,1349.30,572.6
44807,2120,42,21,12,1981.10,990.6,566
44809,321,N/A,N/A,N/A,N/A,N/A,N/A
44811,12667,431,256,101,3402.50,2021.00,797.3
44813,9312,236,122,69,2534.40,1310.10,741
44814,2876,71,43,17,2468.70,1495.10,591.1
44815,630,13,7,N/A,2063.50,1111.10,N/A
44816,16,N/A,N/A,N/A,N/A,N/A,N/A
44817,1506,49,19,5,3253.70,1261.60,332
44818,2394,59,28,12,2464.50,1169.60,501.3
44820,17522,554,279,124,3161.70,1592.30,707.7
44822,2749,73,37,16,2655.50,1345.90,582
44824,3944,122,83,38,3093.30,2104.50,963.5
44825,102,N/A,N/A,N/A,N/A,N/A,N/A
44826,1803,44,15,8,2440.40,831.9,443.7
44827,6980,225,115,35,3223.50,1647.60,501.4
44828,73,N/A,N/A,N/A,N/A,N/A,N/A
44830,18690,595,313,165,3183.50,1674.70,882.8
44833,16558,594,309,124,3587.40,1866.20,748.9
44836,2330,63,35,12,2703.90,1502.10,515
44837,4408,54,26,8,1225.00,589.8,181.5
44838,261,15,5,N/A,5747.10,1915.70,N/A
44839,12264,374,170,75,3049.60,1386.20,611.5
44840,2594,55,27,11,2120.30,1040.90,424.1
44841,619,27,16,N/A,4361.90,2584.80,N/A
44842,5392,141,48,27,2615.00,890.2,500.7
44843,2126,52,32,14,2445.90,1505.20,658.5
44844,492,28,16,7,5691.10,3252.00,1422.80
44846,3486,99,47,19,2839.90,1348.30,545
44847,3344,88,53,21,2631.60,1584.90,628
44849,2522,72,33,10,2854.90,1308.50,396.5
44850,43,N/A,N/A,N/A,N/A,N/A,N/A
44851,4679,76,45,24,1624.30,961.7,512.9
44853,1372,47,19,7,3425.70,1384.80,510.2
44854,1708,43,33,15,2517.60,1932.10,878.2
44855,1337,17,6,N/A,1271.50,448.8,N/A
44856,263,N/A,N/A,N/A,N/A,N/A,N/A
44857,23394,616,385,156,2633.20,1645.70,666.8
44859,2158,25,17,6,1158.50,787.8,278
44861,65,N/A,N/A,N/A,N/A,N/A,N/A
44864,3718,64,27,13,1721.40,726.2,349.7
44865,3208,92,45,25,2867.80,1402.70,779.3
44866,1994,26,17,7,1303.90,852.6,351.1
44867,2557,66,40,17,2581.10,1564.30,664.8
44870,39597,1486,592,256,3752.80,1495.10,646.5
44874,331,N/A,N/A,N/A,N/A,N/A,N/A
44875,13437,344,183,97,2560.10,1361.90,721.9
44878,3118,53,32,13,1699.80,1026.30,416.9
44880,2844,43,30,13,1512.00,1054.90,457.1
44882,2849,87,56,25,3053.70,1965.60,877.5
44883,28183,1154,661,200,4094.70,2345.40,709.6
44887,836,16,12,5,1913.90,1435.40,598.1
44889,7071,115,56,27,1626.40,792,381.8
44890,11245,439,141,80,3904.00,1253.90,711.4
44901,2627,45,N/A,N/A,1713.00,N/A,N/A
44902,4850,79,40,24,1628.90,824.7,494.8
44903,23604,806,442,216,3414.70,1872.60,915.1
44904,13542,493,256,98,3640.50,1890.40,723.7
44905,13719,433,161,86,3156.20,1173.60,626.9
44906,16849,464,291,143,2753.90,1727.10,848.7
44907,14885,447,236,122,3003.00,1585.50,819.6
45001,759,24,18,11,3162.10,2371.50,1449.30
45002,13865,640,316,128,4615.90,2279.10,923.2
45003,552,15,N/A,N/A,2717.40,N/A,N/A
45005,31371,1450,648,292,4622.10,2065.60,930.8
45011,71451,2595,1148,557,3631.90,1606.70,779.6
45013,53933,1958,899,425,3630.40,1666.90,788
45014,43848,2128,822,366,4853.10,1874.70,834.7
45015,11714,403,148,64,3440.30,1263.40,546.4
45030,19125,885,475,226,4627.50,2483.70,1181.70
45032,364,8,N/A,N/A,2197.80,N/A,N/A
45033,249,N/A,N/A,N/A,N/A,N/A,N/A
45034,1273,32,17,12,2513.70,1335.40,942.7
45036,38221,1558,573,255,4076.30,1499.20,667.2
45039,25142,917,434,191,3647.30,1726.20,759.7
45040,54507,1881,804,409,3450.90,1475.00,750.4
45041,87,N/A,N/A,N/A,N/A,N/A,N/A
45042,26638,1095,518,223,4110.70,1944.60,837.1
45044,54680,2063,832,349,3772.90,1521.60,638.3
45050,8773,408,193,87,4650.60,2199.90,991.7
45051,174,N/A,N/A,N/A,N/A,N/A,N/A
45052,3667,189,109,39,5154.10,2972.50,1063.50
45054,2926,64,34,15,2187.30,1162.00,512.6
45056,27957,2261,302,150,8087.40,1080.20,536.5
45062,686,29,15,8,4227.40,2186.60,1166.20
45064,3060,121,55,20,3954.20,1797.40,653.6
45065,4765,209,90,47,4386.10,1888.80,986.4
45066,24836,1130,513,231,4549.80,2065.60,930.1
45067,14970,517,196,92,3453.60,1309.30,614.6
45068,11402,407,174,85,3569.50,1526.00,745.5
45069,51117,1805,839,389,3531.10,1641.30,761
45070,185,10,8,5,5405.40,4324.30,2702.70
45101,2287,44,27,18,1923.90,1180.60,787.1
45102,22397,737,354,171,3290.60,1580.60,763.5
45103,32525,1012,526,251,3111.50,1617.20,771.7
45106,12382,268,130,61,2164.40,1049.90,492.7
45107,9909,312,138,69,3148.70,1392.70,696.3
45111,324,6,N/A,N/A,1851.90,N/A,N/A
45112,84,N/A,N/A,N/A,N/A,N/A,N/A
45113,3610,141,49,20,3905.80,1357.30,554
45115,143,N/A,N/A,N/A,N/A,N/A,N/A
45118,3579,109,53,32,3045.50,1480.90,894.1
45120,2750,71,56,19,2581.80,2036.40,690.9
45121,9245,270,155,76,2920.50,1676.60,822.1
45122,10511,324,163,77,3082.50,1550.80,732.6
45123,8736,196,81,35,2243.60,927.2,400.6
45130,4028,74,42,28,1837.10,1042.70,695.1
45131,227,N/A,N/A,N/A,N/A,N/A,N/A
45132,398,N/A,N/A,N/A,N/A,N/A,N/A
45133,23764,697,309,154,2933.00,1300.30,648
45135,4705,92,33,15,1955.40,701.4,318.8
45140,56933,1921,945,402,3374.10,1659.80,706.1
45142,3696,110,61,24,2976.20,1650.40,649.4
45144,4400,116,81,37,2636.40,1840.90,840.9
45145,19,N/A,N/A,N/A,N/A,N/A,N/A
45146,1458,31,8,N/A,2126.20,548.7,N/A
45147,191,8,N/A,N/A,4188.50,N/A,N/A
45148,1467,34,13,N/A,2317.70,886.2,N/A
45150,32618,1115,623,250,3418.40,1910.00,766.4
45152,11656,425,195,79,3646.20,1673.00,677.8
45153,1804,47,23,13,2605.30,1274.90,720.6
45154,8994,242,115,66,2690.70,1278.60,733.8
45155,371,5,N/A,N/A,1347.70,N/A,N/A
45156,73,N/A,N/A,N/A,N/A,N/A,N/A
45157,10315,225,114,57,2181.30,1105.20,552.6
45158,373,8,7,N/A,2144.80,1876.70,N/A
45159,3773,83,52,15,2199.80,1378.20,397.6
45160,865,16,10,N/A,1849.70,1156.10,N/A
45162,2666,88,48,21,3300.80,1800.50,787.7
45164,241,5,N/A,N/A,2074.70,N/A,N/A
45166,69,N/A,N/A,N/A,N/A,N/A,N/A
45167,3700,65,50,34,1756.80,1351.40,918.9
45168,1667,38,23,11,2279.50,1379.70,659.9
45169,4513,150,74,26,3323.70,1639.70,576.1
45171,5771,151,66,35,2616.50,1143.60,606.5
45172,191,N/A,N/A,N/A,N/A,N/A,N/A
45174,2350,54,15,7,2297.90,638.3,297.9
45176,9434,245,132,68,2597.00,1399.20,720.8
45177,22385,542,262,97,2421.30,1170.40,433.3
45202,14105,807,288,122,5721.40,2041.80,864.9
45203,2429,78,21,9,3211.20,864.6,370.5
45204,5773,146,49,16,2529.00,848.8,277.2
45205,18533,709,174,75,3825.60,938.9,404.7
45206,10825,355,143,64,3279.40,1321.00,591.2
45207,7133,291,97,43,4079.60,1359.90,602.8
45208,18503,596,232,98,3221.10,1253.90,529.6
45209,11082,484,198,73,4367.40,1786.70,658.7
45211,37201,1576,637,260,4236.40,1712.30,698.9
45212,22529,743,244,100,3298.00,1083.00,443.9
45213,12574,396,138,59,3149.40,1097.50,469.2
45214,7791,223,74,44,2862.30,949.8,564.8
45215,30814,1031,380,193,3345.90,1233.20,626.3
45216,8925,320,127,62,3585.40,1423.00,694.7
45217,7232,231,82,44,3194.10,1133.80,608.4
45218,3915,140,59,23,3576.00,1507.00,587.5
45219,18029,950,203,66,5269.30,1126.00,366.1
45220,13838,469,131,53,3389.20,946.7,383
45223,11982,371,107,41,3096.30,893,342.2
45224,21402,708,246,124,3308.10,1149.40,579.4
45225,9418,241,78,47,2558.90,828.2,499
45226,5346,188,91,40,3516.60,1702.20,748.2
45227,18391,647,265,136,3518.00,1440.90,739.5
45229,13090,413,132,63,3155.10,1008.40,481.3
45230,27778,802,353,156,2887.20,1270.80,561.6
45231,40071,1897,646,339,4734.10,1612.10,846
45232,6849,175,68,41,2555.10,992.8,598.6
45233,16025,834,395,145,5204.40,2464.90,904.8
45236,24486,735,354,161,3001.70,1445.70,657.5
45237,20193,742,241,120,3674.50,1193.50,594.3
45238,45614,2102,803,308,4608.20,1760.40,675.2
45239,29809,1285,490,222,4310.80,1643.80,744.7
45240,27161,1454,468,222,5353.30,1723.10,817.3
45241,24366,803,348,154,3295.60,1428.20,632
45242,22625,660,262,115,2917.10,1158.00,508.3
45243,15075,421,182,68,2792.70,1207.30,451.1
45244,28602,879,436,182,3073.20,1524.40,636.3
45245,20800,712,313,144,3423.10,1504.80,692.3
45246,14206,607,216,94,4272.80,1520.50,661.7
45247,22544,1145,527,233,5079.00,2337.70,1033.50
45248,25324,1092,550,204,4312.10,2171.90,805.6
45249,13156,381,193,84,2896.00,1467.00,638.5
45251,22502,985,325,139,4377.40,1444.30,617.7
45252,4336,184,79,28,4243.50,1822.00,645.8
45255,21767,634,277,128,2912.70,1272.60,588
45301,130,5,N/A,N/A,3846.20,N/A,N/A
45302,4172,184,71,30,4410.40,1701.80,719.1
45303,2724,110,50,22,4038.20,1835.50,807.6
45304,7084,301,165,97,4249.00,2329.20,1369.30
45305,11161,398,185,83,3566.00,1657.60,743.7
45306,2370,87,40,5,3670.90,1687.80,211
45307,330,8,N/A,N/A,2424.20,N/A,N/A
45308,4139,157,83,38,3793.20,2005.30,918.1
45309,12439,452,216,77,3633.70,1736.50,619
45310,270,23,6,N/A,8518.50,2222.20,N/A
45311,6197,243,135,69,3921.30,2178.50,1113.40
45312,1277,57,38,13,4463.60,2975.70,1018.00
45314,6010,253,130,48,4209.70,2163.10,798.7
45315,4066,254,105,57,6246.90,2582.40,1401.90
45316,108,N/A,N/A,N/A,N/A,N/A,N/A
45317,1226,27,11,N/A,2202.30,897.2,N/A
45318,5638,237,120,59,4203.60,2128.40,1046.50
45319,378,9,7,N/A,2381.00,1851.90,N/A
45320,14982,638,291,104,4258.40,1942.30,694.2
45321,851,36,20,5,4230.30,2350.20,587.5
45322,21282,912,431,198,4285.30,2025.20,930.4
45323,4973,183,105,32,3679.90,2111.40,643.5
45324,41029,1422,653,295,3465.80,1591.60,719
45325,2266,85,44,21,3751.10,1941.70,926.7
45326,1066,34,18,11,3189.50,1688.60,1031.90
45327,9356,422,179,69,4510.50,1913.20,737.5
45328,564,20,11,5,3546.10,1950.40,886.5
45330,846,59,28,9,6974.00,3309.70,1063.80
45331,22041,1124,539,283,5099.60,2445.40,1284.00
45332,825,23,14,5,2787.90,1697.00,606.1
45333,1368,59,29,9,4312.90,2119.90,657.9
45334,2117,70,40,18,3306.60,1889.50,850.3
45335,6781,208,104,41,3067.40,1533.70,604.6
45336,161,6,5,N/A,3726.70,3105.60,N/A
45337,1918,46,17,9,2398.30,886.3,469.2
45338,5009,163,87,33,3254.10,1736.90,658.8
45339,1385,42,22,7,3032.50,1588.40,505.4
45340,688,28,10,6,4069.80,1453.50,872.1
45341,3857,142,59,18,3681.60,1529.70,466.7
45342,36659,1622,713,319,4424.60,1945.00,870.2
45344,16104,599,304,96,3719.60,1887.70,596.1
45345,6458,187,101,37,2895.60,1564.00,572.9
45346,1938,83,51,19,4282.80,2631.60,980.4
45347,4479,174,95,38,3884.80,2121.00,848.4
45348,1026,64,22,10,6237.80,2144.20,974.7
45349,380,11,10,N/A,2894.70,2631.60,N/A
45350,106,11,N/A,N/A,10377.40,N/A,N/A
45351,212,12,N/A,N/A,5660.40,N/A,N/A
45352,242,7,N/A,N/A,2892.60,N/A,N/A
45353,142,5,N/A,N/A,3521.10,N/A,N/A
45354,456,12,N/A,N/A,2631.60,N/A,N/A
45356,25209,1097,527,216,4351.60,2090.50,856.8
45358,348,14,13,9,4023.00,3735.60,2586.20
45359,1938,82,51,26,4231.20,2631.60,1341.60
45360,453,9,N/A,N/A,1986.80,N/A,N/A
45361,328,5,N/A,N/A,1524.40,N/A,N/A
45362,1141,41,10,7,3593.30,876.4,613.5
45363,1698,111,37,14,6537.10,2179.00,824.5
45365,30232,1175,552,219,3886.60,1825.90,724.4
45368,4907,144,63,17,2934.60,1283.90,346.4
45369,3492,135,59,27,3866.00,1689.60,773.2
45370,2479,71,35,16,2864.10,1411.90,645.4
45371,19867,1118,501,219,5627.40,2521.80,1102.30
45372,319,6,N/A,N/A,1880.90,N/A,N/A
45373,35989,1682,812,391,4673.70,2256.20,1086.40
45377,15280,633,353,191,4142.70,2310.20,1250.00
45378,362,19,13,6,5248.60,3591.20,1657.50
45380,5385,332,87,29,6165.30,1615.60,538.5
45381,5430,195,94,26,3591.20,1731.10,478.8
45382,1287,43,20,13,3341.10,1554.00,1010.10
45383,6912,230,127,65,3327.50,1837.40,940.4
45384,2053,55,22,9,2679.00,1071.60,438.4
45385,38635,1423,735,320,3683.20,1902.40,828.3
45387,5456,99,46,21,1814.50,843.1,384.9
45388,853,35,8,N/A,4103.20,937.9,N/A
45389,478,15,6,N/A,3138.10,1255.20,N/A
45390,3288,175,96,56,5322.40,2919.70,1703.20
45402,10053,420,147,64,4177.90,1462.30,636.6
45403,14159,477,194,76,3368.90,1370.20,536.8
45404,10809,406,137,70,3756.10,1267.50,647.6
45405,16845,654,253,78,3882.50,1501.90,463
45406,19432,837,298,148,4307.30,1533.60,761.6
45409,15593,766,171,69,4912.50,1096.60,442.5
45410,16079,443,193,78,2755.10,1200.30,485.1
45414,20403,765,315,130,3749.40,1543.90,637.2
45415,13519,582,235,98,4305.10,1738.30,724.9
45416,6139,329,167,115,5359.20,2720.30,1873.30
45417,29332,1078,403,187,3675.20,1373.90,637.5
45418,1871,N/A,N/A,N/A,N/A,N/A,N/A
45419,15097,452,221,82,2994.00,1463.90,543.2
45420,25145,753,372,180,2994.60,1479.40,715.8
45424,50804,1944,921,401,3826.50,1812.80,789.3
45426,15730,767,231,130,4876.00,1468.50,826.4
45428,335,N/A,N/A,N/A,N/A,N/A,N/A
45429,25740,850,474,191,3302.30,1841.50,742
45430,7289,250,124,62,3429.80,1701.20,850.6
45431,28084,767,366,155,2731.10,1303.20,551.9
45432,14818,473,255,133,3192.10,1720.90,897.6
45433,2734,52,9,N/A,1902.00,329.2,N/A
45434,12256,403,198,95,3288.20,1615.50,775.1
45439,10185,413,175,71,4055.00,1718.20,697.1
45440,20633,846,446,191,4100.20,2161.60,925.7
45449,17914,896,448,178,5001.70,2500.80,993.6
45458,32068,1394,562,266,4347.00,1752.50,829.5
45459,26979,1063,486,198,3940.10,1801.40,733.9
45502,15779,653,319,117,4138.40,2021.70,741.5
45503,32363,1519,671,317,4693.60,2073.40,979.5
45504,17639,754,314,126,4274.60,1780.10,714.3
45505,19919,749,296,118,3760.20,1486.00,592.4
45506,13868,514,185,70,3706.40,1334.00,504.8
45601,56753,2012,611,263,3545.20,1076.60,463.4
45612,4793,116,48,13,2420.20,1001.50,271.2
45613,2734,122,53,19,4462.30,1938.60,695
45614,4825,143,64,35,2963.70,1326.40,725.4
45616,1461,29,22,8,1984.90,1505.80,547.6
45617,279,N/A,N/A,N/A,N/A,N/A,N/A
45618,13,N/A,N/A,N/A,N/A,N/A,N/A
45619,7585,213,99,42,2808.20,1305.20,553.7
45620,955,14,8,5,1466.00,837.7,523.6
45621,309,7,N/A,N/A,2265.40,N/A,N/A
45622,138,5,N/A,N/A,3623.20,N/A,N/A
45623,3075,96,54,10,3122.00,1756.10,325.2
45628,5082,164,55,15,3227.10,1082.30,295.2
45629,2855,94,33,11,3292.50,1155.90,385.3
45630,80,N/A,N/A,N/A,N/A,N/A,N/A
45631,14630,415,284,132,2836.60,1941.20,902.3
45634,1926,44,18,9,2284.50,934.6,467.3
45636,120,N/A,N/A,N/A,N/A,N/A,N/A
45638,21715,866,359,150,3988.00,1653.20,690.8
45640,16079,534,233,115,3321.10,1449.10,715.2
45644,4679,123,60,19,2628.80,1282.30,406.1
45645,2357,107,48,18,4539.70,2036.50,763.7
45646,499,N/A,N/A,N/A,N/A,N/A,N/A
45647,2579,56,24,9,2171.40,930.6,349
45648,12886,355,149,68,2754.90,1156.30,527.7
45650,460,12,10,N/A,2608.70,2173.90,N/A
45651,6019,106,47,17,1761.10,780.9,282.4
45652,4120,97,61,15,2354.40,1480.60,364.1
45653,3782,135,76,28,3569.50,2009.50,740.3
45654,1177,18,8,N/A,1529.30,679.7,N/A
45656,6364,188,96,36,2954.10,1508.50,565.7
45657,1925,60,33,11,3116.90,1714.30,571.4
45658,2989,51,19,9,1706.30,635.7,301.1
45659,2574,92,45,13,3574.20,1748.30,505.1
45660,7246,228,138,50,3146.60,1904.50,690
45661,6956,237,125,63,3407.10,1797.00,905.7
45662,30289,736,341,124,2429.90,1125.80,409.4
45663,6162,161,83,39,2612.80,1347.00,632.9
45669,10040,266,128,41,2649.40,1274.90,408.4
45671,274,7,N/A,N/A,2554.70,N/A,N/A
45672,1527,27,10,8,1768.20,654.9,523.9
45673,367,19,14,6,5177.10,3814.70,1634.90
45674,651,31,10,6,4761.90,1536.10,921.7
45678,1086,25,16,N/A,2302.00,1473.30,N/A
45679,2830,89,53,20,3144.90,1872.80,706.7
45680,12977,405,183,82,3120.90,1410.20,631.9
45681,1670,35,14,N/A,2095.80,838.3,N/A
45682,2090,54,23,8,2583.70,1100.50,382.8
45684,2093,44,35,6,2102.20,1672.20,286.7
45685,1120,37,12,10,3303.60,1071.40,892.9
45686,3699,61,33,17,1649.10,892.1,459.6
45688,608,18,10,N/A,2960.50,1644.70,N/A
45690,15599,407,192,70,2609.10,1230.80,448.7
45692,8731,253,129,65,2897.70,1477.50,744.5
45693,8691,279,171,62,3210.20,1967.60,713.4
45694,11618,390,167,59,3356.90,1437.40,507.8
45695,657,20,N/A,N/A,3044.10,N/A,N/A
45696,1595,30,16,9,1880.90,1003.10,564.3
45697,4759,142,97,35,2983.80,2038.20,735.4
45698,305,N/A,N/A,N/A,N/A,N/A,N/A
45701,35704,1459,312,136,4086.40,873.9,380.9
45710,5222,124,70,33,2374.60,1340.50,631.9
45711,1232,10,N/A,N/A,811.7,N/A,N/A
45714,9388,199,151,56,2119.70,1608.40,596.5
45715,2440,53,29,14,2172.10,1188.50,573.8
45716,474,13,10,8,2742.60,2109.70,1687.80
45719,1019,13,7,5,1275.80,686.9,490.7
45721,34,N/A,N/A,N/A,N/A,N/A,N/A
45723,3481,38,16,11,1091.60,459.6,316
45724,2113,20,18,9,946.5,851.9,425.9
45727,401,7,5,N/A,1745.60,1246.90,N/A
45729,1351,32,22,11,2368.60,1628.40,814.2
45732,4438,117,69,29,2636.30,1554.80,653.4
45734,466,8,N/A,N/A,1716.70,N/A,N/A
45735,1562,20,15,8,1280.40,960.3,512.2
45740,383,10,N/A,N/A,2611.00,N/A,N/A
45741,662,15,9,9,2265.90,1359.50,1359.50
45742,2840,61,32,12,2147.90,1126.80,422.5
45743,1864,17,10,5,912,536.5,268.2
45744,2747,40,30,19,1456.10,1092.10,691.7
45745,1618,28,25,10,1730.50,1545.10,618
45746,415,5,N/A,N/A,1204.80,N/A,N/A
45750,26906,708,423,198,2631.40,1572.10,735.9
45760,3823,115,19,9,3008.10,497,235.4
45761,1843,17,8,N/A,922.4,434.1,N/A
45764,9418,189,110,64,2006.80,1168.00,679.5
45766,1000,21,11,7,2100.00,1100.00,700
45767,2489,51,28,9,2049.00,1124.90,361.6
45768,1449,24,18,N/A,1656.30,1242.20,N/A
45769,7058,98,57,32,1388.50,807.6,453.4
45770,596,5,N/A,N/A,838.9,N/A,N/A
45771,3433,45,29,16,1310.80,844.7,466.1
45772,1623,22,8,6,1355.50,492.9,369.7
45773,70,N/A,N/A,N/A,N/A,N/A,N/A
45775,1159,31,11,6,2674.70,949.1,517.7
45776,786,15,N/A,N/A,1908.40,N/A,N/A
45778,821,14,7,N/A,1705.20,852.6,N/A
45779,753,19,5,N/A,2523.20,664,N/A
45780,3176,68,22,13,2141.10,692.7,409.3
45782,492,7,N/A,N/A,1422.80,N/A,N/A
45784,3402,52,29,16,1528.50,852.4,470.3
45786,3617,64,47,24,1769.40,1299.40,663.5
45787,63,N/A,N/A,N/A,N/A,N/A,N/A
45788,1298,24,21,8,1849.00,1617.90,616.3
45789,150,N/A,N/A,N/A,N/A,N/A,N/A
45801,22688,1071,446,181,4720.60,1965.80,797.8
45804,15665,640,281,133,4085.50,1793.80,849
45805,23285,1186,539,237,5093.40,2314.80,1017.80
45806,10608,554,275,114,5222.50,2592.40,1074.70
45807,12407,654,337,125,5271.20,2716.20,1007.50
45808,363,6,N/A,N/A,1652.90,N/A,N/A
45809,163,5,N/A,N/A,3067.50,N/A,N/A
45810,8230,302,158,64,3669.50,1919.80,777.6
45812,1973,81,50,27,4105.40,2534.20,1368.50
45813,3616,115,69,27,3180.30,1908.20,746.7
45814,3212,95,52,17,2957.70,1618.90,529.3
45816,330,5,N/A,N/A,1515.20,N/A,N/A
45817,6892,311,144,49,4512.50,2089.40,711
45819,265,7,N/A,N/A,2641.50,N/A,N/A
45820,488,20,15,8,4098.40,3073.80,1639.30
45821,1186,46,24,9,3878.60,2023.60,758.9
45822,18714,1402,591,166,7491.70,3158.10,887
45826,484,27,5,N/A,5578.50,1033.10,N/A
45827,2050,130,60,12,6341.50,2926.80,585.4
45828,6248,498,181,45,7970.60,2896.90,720.2
45830,5796,325,136,41,5607.30,2346.40,707.4
45831,3269,194,91,25,5934.50,2783.70,764.8
45832,2923,93,53,19,3181.70,1813.20,650
45833,10605,596,290,107,5620.00,2734.60,1009.00
45835,519,N/A,N/A,N/A,N/A,N/A,N/A
45836,1344,50,18,10,3720.20,1339.30,744
45838,66,N/A,N/A,N/A,N/A,N/A,N/A
45840,55820,1982,896,363,3550.70,1605.20,650.3
45841,818,34,18,8,4156.50,2200.50,978
45843,4117,94,52,23,2283.20,1263.10,558.7
45844,3172,184,86,20,5800.80,2711.20,630.5
45845,2871,165,63,21,5747.10,2194.40,731.5
45846,4297,308,88,21,7167.80,2047.90,488.7
45849,1084,39,21,10,3597.80,1937.30,922.5
45850,3419,159,91,33,4650.50,2661.60,965.2
45851,746,27,9,N/A,3619.30,1206.40,N/A
45853,1264,159,37,5,12579.10,2927.20,395.6
45854,459,20,13,7,4357.30,2832.20,1525.10
45855,154,11,5,N/A,7142.90,3246.80,N/A
45856,5211,366,150,45,7023.60,2878.50,863.6
45858,2880,89,50,21,3090.30,1736.10,729.2
45859,508,8,5,N/A,1574.80,984.3,N/A
45860,2314,176,54,12,7605.90,2333.60,518.6
45861,207,6,N/A,N/A,2898.60,N/A,N/A
45862,1524,59,26,9,3871.40,1706.00,590.6
45863,1279,42,24,9,3283.80,1876.50,703.7
45864,168,7,N/A,N/A,4166.70,N/A,N/A
45865,4905,379,107,25,7726.80,2181.40,509.7
45866,142,7,N/A,N/A,4929.60,N/A,N/A
45867,1113,33,16,9,2965.00,1437.60,808.6
45868,650,21,13,6,3230.80,2000.00,923.1
45869,4811,252,99,36,5238.00,2057.80,748.3
45870,246,N/A,N/A,N/A,N/A,N/A,N/A
45871,2008,76,40,13,3784.90,1992.00,647.4
45872,4106,169,59,41,4115.90,1436.90,998.5
45873,2263,80,51,15,3535.10,2253.60,662.8
45874,2534,66,56,19,2604.60,2209.90,749.8
45875,11403,844,262,69,7401.60,2297.60,605.1
45876,705,88,42,11,12482.30,5957.40,1560.30
45877,2148,91,40,13,4236.50,1862.20,605.2
45879,5805,257,125,43,4427.20,2153.30,740.7
45880,2690,100,53,25,3717.50,1970.30,929.4
45881,1252,46,28,9,3674.10,2236.40,718.8
45882,2875,175,78,22,6087.00,2713.00,765.2
45883,3877,340,88,28,8769.70,2269.80,722.2
45884,158,N/A,N/A,N/A,N/A,N/A,N/A
45885,12741,761,367,106,5972.80,2880.50,832
45886,502,11,5,N/A,2191.20,996,N/A
45887,4298,221,110,44,5141.90,2559.30,1023.70
45888,188,N/A,N/A,N/A,N/A,N/A,N/A
45889,1634,56,34,12,3427.20,2080.80,734.4
45890,488,18,14,N/A,3688.50,2868.90,N/A
45891,14905,617,369,139,4139.60,2475.70,932.6
45894,635,24,14,9,3779.50,2204.70,1417.30
45895,17930,835,340,125,4657.00,1896.30,697.2
45896,1839,84,42,14,4567.70,2283.80,761.3
45897,36,N/A,N/A,N/A,N/A,N/A,N/A
45898,873,51,29,6,5841.90,3321.90,687.3
45899,110,14,8,5,12727.30,7272.70,4545.50
