Zip,City,State,Latitude,Longitude,Timezone,Daylight savings time flag,geopoint
45883,Saint Henry,OH,40.413734,-84.6325,-5,1,"40.413734, -84.6325"
44331,Paint,OH,40.683695,-81.674717,-5,1,"40.683695, -81.674717"
44615,Carrollton,OH,40.568568,-81.08187,-5,1,"40.568568, -81.08187"
44665,North Georgetown,OH,40.843563,-80.979435,-5,1,"40.843563, -80.979435"
43837,Port Washington,OH,40.314481,-81.49751,-5,1,"40.314481, -81.49751"
44859,Nova,OH,41.019566,-82.33622,-5,1,"41.019566, -82.33622"
43567,Wauseon,OH,41.5615,-84.15574,-5,1,"41.5615, -84.15574"
43067,Raymond,OH,40.355958,-83.46681,-5,1,"40.355958, -83.46681"
45815,Belmore,OH,41.153855,-83.941281,-5,1,"41.153855, -83.941281"
43111,Carbon Hill,OH,39.501342,-82.24434,-5,1,"39.501342, -82.24434"
43232,Columbus,OH,39.924213,-82.86563,-5,1,"39.924213, -82.86563"
43657,Toledo,OH,41.686778,-83.43943,-5,1,"41.686778, -83.43943"
44255,Mantua,OH,41.286755,-81.22911,-5,1,"41.286755, -81.22911"
45125,Union,OH,39.104387,-84.232422,-5,1,"39.104387, -84.232422"
45832,Convoy,OH,40.929839,-84.73138,-5,1,"40.929839, -84.73138"
43701,Zanesville,OH,39.949377,-82.00492,-5,1,"39.949377, -82.00492"
45040,Mason,OH,39.344258,-84.3152,-5,1,"39.344258, -84.3152"
43101,Adelphi,OH,39.466041,-82.7457,-5,1,"39.466041, -82.7457"
43127,Haydenville,OH,39.482096,-82.32798,-5,1,"39.482096, -82.32798"
45340,Maplewood,OH,40.372607,-84.05113,-5,1,"40.372607, -84.05113"
45378,Verona,OH,39.903161,-84.48822,-5,1,"39.903161, -84.48822"
45746,Macksburg,OH,39.627217,-81.45532,-5,1,"39.627217, -81.45532"
45848,Glandorf,OH,41.096421,-84.112031,-5,1,"41.096421, -84.112031"
43360,Zanesfield,OH,40.327984,-83.66884,-5,1,"40.327984, -83.66884"
45135,Leesburg,OH,39.34446,-83.54825,-5,1,"39.34446, -83.54825"
44238,Hudson,OH,41.128705,-81.53999,-5,1,"41.128705, -81.53999"
44049,Kipton,OH,41.267051,-82.3047,-5,1,"41.267051, -82.3047"
44637,Killbuck,OH,40.485312,-82.01209,-5,1,"40.485312, -82.01209"
45226,Cincinnati,OH,39.114911,-84.42526,-5,1,"39.114911, -84.42526"
43531,Kunkle,OH,41.635979,-84.49453,-5,1,"41.635979, -84.49453"
43755,Lore City,OH,40.041068,-81.44635,-5,1,"40.041068, -81.44635"
43762,New Concord,OH,40.018953,-81.73657,-5,1,"40.018953, -81.73657"
44105,Cleveland,OH,41.450602,-81.62216,-5,1,"41.450602, -81.62216"
43284,Columbus,OH,39.969036,-83.011389,-5,1,"39.969036, -83.011389"
45816,Benton Ridge,OH,41.00433,-83.79265,-5,1,"41.00433, -83.79265"
43699,Toledo,OH,41.653788,-83.658937,-5,1,"41.653788, -83.658937"
44502,Youngstown,OH,41.086279,-80.64563,-5,1,"41.086279, -80.64563"
45850,Harrod,OH,40.713499,-83.93098,-5,1,"40.713499, -83.93098"
45874,Ohio City,OH,40.780889,-84.65726,-5,1,"40.780889, -84.65726"
44076,Orwell,OH,41.535437,-80.83514,-5,1,"41.535437, -80.83514"
44112,Cleveland,OH,41.534101,-81.57558,-5,1,"41.534101, -81.57558"
44251,Westfield Center,OH,41.029639,-81.93146,-5,1,"41.029639, -81.93146"
44515,Youngstown,OH,41.099008,-80.74545,-5,1,"41.099008, -80.74545"
43215,Columbus,OH,39.965131,-83.00431,-5,1,"39.965131, -83.00431"
44052,Lorain,OH,41.459218,-82.1691,-5,1,"41.459218, -82.1691"
44274,Sharon Center,OH,41.09924,-81.734329,-5,1,"41.09924, -81.734329"
44492,West Point,OH,40.709282,-80.70141,-5,1,"40.709282, -80.70141"
44850,New Haven,OH,41.034683,-82.68056,-5,1,"41.034683, -82.68056"
43412,Curtice,OH,41.63678,-83.30724,-5,1,"41.63678, -83.30724"
43407,Burgoon,OH,41.277969,-83.24578,-5,1,"41.277969, -83.24578"
43917,Dillonvale,OH,40.212067,-80.78094,-5,1,"40.212067, -80.78094"
45835,Dola,OH,40.768846,-83.70007,-5,1,"40.768846, -83.70007"
43960,Richland,OH,40.012984,-80.859104,-5,1,"40.012984, -80.859104"
44453,Orangeville,OH,41.32519,-80.533572,-5,1,"41.32519, -80.533572"
43227,Columbus,OH,39.944231,-82.89063,-5,1,"39.944231, -82.89063"
43836,Plainfield,OH,40.200382,-81.720675,-5,1,"40.200382, -81.720675"
43984,New Rumley,OH,40.29649,-81.102502,-5,1,"40.29649, -81.102502"
43681,Toledo,OH,41.686778,-83.43943,-5,1,"41.686778, -83.43943"
43733,Derwent,OH,39.923616,-81.542965,-5,1,"39.923616, -81.542965"
43334,Marengo,OH,40.399648,-82.80783,-5,1,"40.399648, -82.80783"
45841,Jenera,OH,40.881217,-83.73199,-5,1,"40.881217, -83.73199"
43652,Toledo,OH,41.686778,-83.43943,-5,1,"41.686778, -83.43943"
43719,Bethesda,OH,40.009383,-81.0763,-5,1,"40.009383, -81.0763"
43748,Junction City,OH,39.710863,-82.30228,-5,1,"39.710863, -82.30228"
43506,Bryan,OH,41.471569,-84.55459,-5,1,"41.471569, -84.55459"
43735,East Fultonham,OH,39.851515,-82.12173,-5,1,"39.851515, -82.12173"
44403,Brookfield,OH,41.239987,-80.58346,-5,1,"41.239987, -80.58346"
43081,Westerville,OH,40.109513,-82.91606,-5,1,"40.109513, -82.91606"
44398,Akron,OH,41.128705,-81.53999,-5,1,"41.128705, -81.53999"
44022,Chagrin Falls,OH,41.43932,-81.39232,-5,1,"41.43932, -81.39232"
43115,Clarksburg,OH,39.501913,-83.17383,-5,1,"39.501913, -83.17383"
44333,Akron,OH,41.144661,-81.61948,-5,1,"41.144661, -81.61948"
43430,Genoa,OH,41.523309,-83.37072,-5,1,"41.523309, -83.37072"
44618,Dalton,OH,40.787827,-81.68623,-5,1,"40.787827, -81.68623"
45418,Dayton,OH,39.716161,-84.2734,-5,1,"39.716161, -84.2734"
45789,Wingett Run,OH,39.551002,-81.256,-5,1,"39.551002, -81.256"
45814,Arlington,OH,40.892253,-83.64338,-5,1,"40.892253, -83.64338"
43014,Danville,OH,40.470806,-82.26422,-5,1,"40.470806, -82.26422"
43623,Toledo,OH,41.707649,-83.64363,-5,1,"41.707649, -83.64363"
43986,Jewett,OH,40.374942,-80.99193,-5,1,"40.374942, -80.99193"
44102,Cleveland,OH,41.473451,-81.7358,-5,1,"41.473451, -81.7358"
45684,Stout,OH,38.664532,-83.29759,-5,1,"38.664532, -83.29759"
44878,Shiloh,OH,40.949737,-82.52995,-5,1,"40.949737, -82.52995"
43116,Commercial Point,OH,39.768502,-83.06007,-5,1,"39.768502, -83.06007"
43343,Quincy,OH,40.308916,-83.97325,-5,1,"40.308916, -83.97325"
43925,East Springfield,OH,40.450257,-80.86015,-5,1,"40.450257, -80.86015"
44514,Youngstown,OH,41.016159,-80.61549,-5,1,"41.016159, -80.61549"
45412,Dayton,OH,39.750471,-84.268593,-5,1,"39.750471, -84.268593"
44233,Hinckley,OH,41.233479,-81.73475,-5,1,"41.233479, -81.73475"
44425,Hubbard,OH,41.166743,-80.57733,-5,1,"41.166743, -80.57733"
43150,Rushville,OH,39.778306,-82.41455,-5,1,"39.778306, -82.41455"
45617,Bourneville,OH,39.280388,-83.158991,-5,1,"39.280388, -83.158991"
45410,Dayton,OH,39.748309,-84.15893,-5,1,"39.748309, -84.15893"
44643,Magnolia,OH,40.646529,-81.30882,-5,1,"40.646529, -81.30882"
43811,Conesville,OH,40.180136,-81.90422,-5,1,"40.180136, -81.90422"
44706,Canton,OH,40.776858,-81.40593,-5,1,"40.776858, -81.40593"
45142,Lynchburg,OH,39.213112,-83.80743,-5,1,"39.213112, -83.80743"
44057,Madison,OH,41.80063,-81.06021,-5,1,"41.80063, -81.06021"
44198,Cleveland,OH,41.685744,-81.672797,-5,1,"41.685744, -81.672797"
44858,Norwalk,OH,41.261375,-82.589042,-5,1,"41.261375, -82.589042"
45630,Friendship,OH,38.793335,-82.96046,-5,1,"38.793335, -82.96046"
45405,Dayton,OH,39.788458,-84.21111,-5,1,"39.788458, -84.21111"
43731,Crooksville,OH,39.742354,-82.09349,-5,1,"39.742354, -82.09349"
45176,Williamsburg,OH,39.081436,-84.02906,-5,1,"39.081436, -84.02906"
45298,Cincinnati,OH,39.166759,-84.53822,-5,1,"39.166759, -84.53822"
45333,Houston,OH,40.260111,-84.33611,-5,1,"40.260111, -84.33611"
43326,Kenton,OH,40.642266,-83.60577,-5,1,"40.642266, -83.60577"
43560,Sylvania,OH,41.706383,-83.7102,-5,1,"41.706383, -83.7102"
43041,Marysville,OH,40.306924,-83.360645,-5,1,"40.306924, -83.360645"
43055,Newark,OH,40.079115,-82.40054,-5,1,"40.079115, -82.40054"
45159,New Vienna,OH,39.326987,-83.68731,-5,1,"39.326987, -83.68731"
43569,Weston,OH,41.349205,-83.78953,-5,1,"41.349205, -83.78953"
45855,Latty,OH,41.088144,-84.58332,-5,1,"41.088144, -84.58332"
45408,Dayton,OH,39.741558,-84.22362,-5,1,"39.741558, -84.22362"
45218,Cincinnati,OH,39.264791,-84.5175,-5,1,"39.264791, -84.5175"
45828,Coldwater,OH,40.480128,-84.64678,-5,1,"40.480128, -84.64678"
43062,Pataskala,OH,39.994001,-82.67652,-5,1,"39.994001, -82.67652"
43682,Toledo,OH,41.686778,-83.43943,-5,1,"41.686778, -83.43943"
43667,Toledo,OH,41.686778,-83.43943,-5,1,"41.686778, -83.43943"
45156,Neville,OH,38.810072,-84.21176,-5,1,"38.810072, -84.21176"
45336,Kettlersville,OH,40.438744,-84.26309,-5,1,"40.438744, -84.26309"
44401,Berlin Center,OH,41.031141,-80.95058,-5,1,"41.031141, -80.95058"
43914,Cameron,OH,39.768134,-80.94455,-5,1,"39.768134, -80.94455"
44139,Solon,OH,41.388387,-81.44365,-5,1,"41.388387, -81.44365"
45332,Hollansburg,OH,39.998881,-84.79165,-5,1,"39.998881, -84.79165"
43460,Rossford,OH,41.603797,-83.5619,-5,1,"41.603797, -83.5619"
44107,Lakewood,OH,41.480881,-81.80036,-5,1,"41.480881, -81.80036"
45069,West Chester,OH,39.343757,-84.40249,-5,1,"39.343757, -84.40249"
45687,Wakefield,OH,39.072829,-83.085764,-5,1,"39.072829, -83.085764"
43001,Alexandria,OH,40.091576,-82.61225,-5,1,"40.091576, -82.61225"
44490,Washingtonville,OH,40.899731,-80.76333,-5,1,"40.899731, -80.76333"
44890,Willard,OH,41.073672,-82.72435,-5,1,"41.073672, -82.72435"
45727,Dexter City,OH,39.649854,-81.47113,-5,1,"39.649854, -81.47113"
45891,Van Wert,OH,40.874092,-84.57871,-5,1,"40.874092, -84.57871"
44822,Butler,OH,40.561377,-82.41237,-5,1,"40.561377, -82.41237"
44064,Montville,OH,41.61391,-81.05515,-5,1,"41.61391, -81.05515"
44855,North Fairfield,OH,41.100202,-82.60887,-5,1,"41.100202, -82.60887"
45658,Patriot,OH,38.766082,-82.41638,-5,1,"38.766082, -82.41638"
45897,Williamstown,OH,40.834233,-83.65288,-5,1,"40.834233, -83.65288"
45353,Pemberton,OH,40.294031,-84.03271,-5,1,"40.294031, -84.03271"
43624,Toledo,OH,41.657099,-83.54525,-5,1,"41.657099, -83.54525"
43724,Caldwell,OH,39.741629,-81.52512,-5,1,"39.741629, -81.52512"
45155,Mowrystown,OH,39.038055,-83.74936,-5,1,"39.038055, -83.74936"
44181,Cleveland,OH,41.685744,-81.672797,-5,1,"41.685744, -81.672797"
45232,Cincinnati,OH,39.173409,-84.51295,-5,1,"39.173409, -84.51295"
44413,East Palestine,OH,40.838456,-80.54601,-5,1,"40.838456, -80.54601"
44842,Loudonville,OH,40.639849,-82.2246,-5,1,"40.639849, -82.2246"
43084,Woodstock,OH,40.145952,-83.52488,-5,1,"40.145952, -83.52488"
45845,Fort Loramie,OH,40.338583,-84.38348,-5,1,"40.338583, -84.38348"
43344,Richwood,OH,40.430758,-83.32103,-5,1,"40.430758, -83.32103"
44118,Cleveland,OH,41.499202,-81.55434,-5,1,"41.499202, -81.55434"
44901,Mansfield,OH,40.850833,-82.511369,-5,1,"40.850833, -82.511369"
45330,Gratis,OH,39.647494,-84.52749,-5,1,"39.647494, -84.52749"
45111,Camp Dennison,OH,39.195516,-84.29093,-5,1,"39.195516, -84.29093"
45326,Fletcher,OH,40.144131,-84.10429,-5,1,"40.144131, -84.10429"
43008,Buckeye Lake,OH,39.93398,-82.47932,-5,1,"39.93398, -82.47932"
43456,Put In Bay,OH,41.671574,-82.81278,-5,1,"41.671574, -82.81278"
44101,Cleveland,OH,41.523401,-81.599648,-5,1,"41.523401, -81.599648"
45145,Marathon,OH,39.145698,-84.007023,-5,1,"39.145698, -84.007023"
43408,Clay Center,OH,41.565049,-83.363,-5,1,"41.565049, -83.363"
43446,Middle Bass,OH,41.683477,-82.804677,-5,1,"41.683477, -82.804677"
43324,Huntsville,OH,40.460862,-83.83774,-5,1,"40.460862, -83.83774"
44093,Williamsfield,OH,41.52563,-80.58076,-5,1,"41.52563, -80.58076"
44684,Walnut Creek,OH,40.561693,-81.677906,-5,1,"40.561693, -81.677906"
44046,Huntsburg,OH,41.541756,-81.08063,-5,1,"41.541756, -81.08063"
44888,Willard,OH,41.141541,-82.588928,-5,1,"41.141541, -82.588928"
45804,Lima,OH,40.72255,-84.08979,-5,1,"40.72255, -84.08979"
45110,Buford,OH,39.074262,-83.848414,-5,1,"39.074262, -83.848414"
45463,Dayton,OH,39.750471,-84.268593,-5,1,"39.750471, -84.268593"
45325,Farmersville,OH,39.685116,-84.42307,-5,1,"39.685116, -84.42307"
43942,Powhatan Point,OH,39.861984,-80.82023,-5,1,"39.861984, -80.82023"
43138,Logan,OH,39.530972,-82.40801,-5,1,"39.530972, -82.40801"
45152,Morrow,OH,39.350319,-84.11606,-5,1,"39.350319, -84.11606"
43799,Center,OH,39.816891,-81.485315,-5,1,"39.816891, -81.485315"
44203,Barberton,OH,41.017522,-81.61616,-5,1,"41.017522, -81.61616"
44266,Ravenna,OH,41.159224,-81.23143,-5,1,"41.159224, -81.23143"
45130,Hamersville,OH,38.914118,-83.99496,-5,1,"38.914118, -83.99496"
45268,Cincinnati,OH,39.166759,-84.53822,-5,1,"39.166759, -84.53822"
45618,Cherry Fork,OH,38.892198,-83.621787,-5,1,"38.892198, -83.621787"
43319,East Liberty,OH,40.307923,-83.56924,-5,1,"40.307923, -83.56924"
45014,Fairfield,OH,39.330356,-84.55277,-5,1,"39.330356, -84.55277"
45299,Cincinnati,OH,39.262158,-84.509268,-5,1,"39.262158, -84.509268"
45454,Dayton,OH,39.750471,-84.268593,-5,1,"39.750471, -84.268593"
45351,Osgood,OH,40.339356,-84.49597,-5,1,"40.339356, -84.49597"
43565,Tontogany,OH,41.419152,-83.74024,-5,1,"41.419152, -83.74024"
43750,Kipling,OH,39.994467,-81.500579,-5,1,"39.994467, -81.500579"
44818,Bloomville,OH,41.00811,-82.99772,-5,1,"41.00811, -82.99772"
44111,Cleveland,OH,41.459399,-81.78174,-5,1,"41.459399, -81.78174"
44720,Canton,OH,40.888408,-81.41066,-5,1,"40.888408, -81.41066"
45622,Creola,OH,39.364574,-82.4959,-5,1,"39.364574, -82.4959"
43830,Nashport,OH,40.063886,-82.15977,-5,1,"40.063886, -82.15977"
45672,Ray,OH,39.208053,-82.69077,-5,1,"39.208053, -82.69077"
45138,Lees Creek,OH,39.416747,-83.647583,-5,1,"39.416747, -83.647583"
45504,Springfield,OH,39.941827,-83.83702,-5,1,"39.941827, -83.83702"
45671,Rarden,OH,38.947693,-83.24361,-5,1,"38.947693, -83.24361"
43342,Prospect,OH,40.470755,-83.18305,-5,1,"40.470755, -83.18305"
44504,Youngstown,OH,41.123757,-80.65481,-5,1,"41.123757, -80.65481"
45308,Bradford,OH,40.128652,-84.4433,-5,1,"40.128652, -84.4433"
43140,London,OH,39.892676,-83.43643,-5,1,"39.892676, -83.43643"
45316,Clifton,OH,39.796992,-83.82609,-5,1,"39.796992, -83.82609"
43033,Kirkersville,OH,39.960661,-82.59613,-5,1,"39.960661, -82.59613"
43435,Helena,OH,41.333956,-83.30333,-5,1,"41.333956, -83.30333"
44507,Youngstown,OH,41.074508,-80.65562,-5,1,"41.074508, -80.65562"
44750,Canton,OH,40.784646,-81.418943,-5,1,"40.784646, -81.418943"
45120,Felicity,OH,38.821032,-84.09805,-5,1,"38.821032, -84.09805"
43653,Toledo,OH,41.686778,-83.43943,-5,1,"41.686778, -83.43943"
45679,Seaman,OH,38.95352,-83.57108,-5,1,"38.95352, -83.57108"
43908,Bergholz,OH,40.518045,-80.88733,-5,1,"40.518045, -80.88733"
43654,Toledo,OH,41.686778,-83.43943,-5,1,"41.686778, -83.43943"
43299,Columbus,OH,39.969036,-83.011389,-5,1,"39.969036, -83.011389"
45032,Harveysburg,OH,39.499635,-84.00579,-5,1,"39.499635, -84.00579"
43218,Columbus,OH,39.969036,-83.011389,-5,1,"39.969036, -83.011389"
43608,Toledo,OH,41.678248,-83.53257,-5,1,"41.678248, -83.53257"
45238,Cincinnati,OH,39.112169,-84.60849,-5,1,"39.112169, -84.60849"
45242,Cincinnati,OH,39.242559,-84.36042,-5,1,"39.242559, -84.36042"
45743,Long Bottom,OH,39.077704,-81.84506,-5,1,"39.077704, -81.84506"
44617,Charm,OH,40.507088,-81.782872,-5,1,"40.507088, -81.782872"
45879,Paulding,OH,41.137873,-84.56377,-5,1,"41.137873, -84.56377"
43727,Chandlersville,OH,39.873402,-81.81724,-5,1,"39.873402, -81.81724"
44695,Bowerston,OH,40.433246,-81.18764,-5,1,"40.433246, -81.18764"
44817,Bloomdale,OH,41.193747,-83.54226,-5,1,"41.193747, -83.54226"
45648,Lucasville,OH,38.911803,-82.98836,-5,1,"38.911803, -82.98836"
45741,Langsville,OH,39.07348,-82.244,-5,1,"39.07348, -82.244"
43217,Columbus,OH,39.824831,-82.94384,-5,1,"39.824831, -82.94384"
45249,Cincinnati,OH,39.278295,-84.33049,-5,1,"39.278295, -84.33049"
44116,Rocky River,OH,41.475297,-81.84575,-5,1,"41.475297, -81.84575"
44509,Youngstown,OH,41.106249,-80.69471,-5,1,"41.106249, -80.69471"
44693,Deersville,OH,40.308212,-81.18752,-5,1,"40.308212, -81.18752"
43551,Perrysburg,OH,41.540724,-83.58904,-5,1,"41.540724, -83.58904"
43812,Coshocton,OH,40.270198,-81.86761,-5,1,"40.270198, -81.86761"
45429,Dayton,OH,39.687459,-84.15595,-5,1,"39.687459, -84.15595"
45042,Middletown,OH,39.534907,-84.39324,-5,1,"39.534907, -84.39324"
45250,Cincinnati,OH,39.166759,-84.53822,-5,1,"39.166759, -84.53822"
43771,Philo,OH,39.842048,-81.93264,-5,1,"39.842048, -81.93264"
43035,Lewis Center,OH,40.173636,-82.99675,-5,1,"40.173636, -82.99675"
43951,Lafferty,OH,40.109149,-81.01773,-5,1,"40.109149, -81.01773"
44236,Hudson,OH,41.248795,-81.44679,-5,1,"41.248795, -81.44679"
45229,Cincinnati,OH,39.152093,-84.48899,-5,1,"39.152093, -84.48899"
45786,Waterford,OH,39.526685,-81.66109,-5,1,"39.526685, -81.66109"
43082,Westerville,OH,40.14852,-82.91278,-5,1,"40.14852, -82.91278"
44186,Cleveland,OH,41.685744,-81.672797,-5,1,"41.685744, -81.672797"
45776,Shade,OH,39.191685,-82.01828,-5,1,"39.191685, -82.01828"
44003,Andover,OH,41.611348,-80.5622,-5,1,"41.611348, -80.5622"
45255,Cincinnati,OH,39.066112,-84.32227,-5,1,"39.066112, -84.32227"
45715,Beverly,OH,39.58849,-81.62932,-5,1,"39.58849, -81.62932"
45860,Maria Stein,OH,40.400409,-84.51744,-5,1,"40.400409, -84.51744"
43772,Pleasant City,OH,39.895548,-81.53483,-5,1,"39.895548, -81.53483"
44149,Brunswick,OH,41.316784,-81.854005,-5,1,"41.316784, -81.854005"
45840,Findlay,OH,41.037325,-83.64576,-5,1,"41.037325, -83.64576"
43336,Middleburg,OH,40.293691,-83.5827,-5,1,"40.293691, -83.5827"
43740,Gratiot,OH,39.950857,-82.21842,-5,1,"39.950857, -82.21842"
44232,Green,OH,40.932506,-81.461987,-5,1,"40.932506, -81.461987"
45068,Waynesville,OH,39.525562,-84.06923,-5,1,"39.525562, -84.06923"
45407,Dayton,OH,39.760058,-84.22011,-5,1,"39.760058, -84.22011"
45434,Dayton,OH,39.719092,-84.03808,-5,1,"39.719092, -84.03808"
45742,Little Hocking,OH,39.273206,-81.70889,-5,1,"39.273206, -81.70889"
43009,Cable,OH,40.175413,-83.64579,-5,1,"40.175413, -83.64579"
43231,Columbus,OH,40.076042,-82.94064,-5,1,"40.076042, -82.94064"
45207,Cincinnati,OH,39.142246,-84.46983,-5,1,"39.142246, -84.46983"
45233,Cincinnati,OH,39.117065,-84.67173,-5,1,"39.117065, -84.67173"
44322,Akron,OH,41.043496,-81.58536,-5,1,"41.043496, -81.58536"
43536,Mark Center,OH,41.299247,-84.63748,-5,1,"41.299247, -84.63748"
44073,Novelty,OH,41.837043,-80.955545,-5,1,"41.837043, -80.955545"
44241,Streetsboro,OH,41.249405,-81.34404,-5,1,"41.249405, -81.34404"
45012,Hamilton,OH,39.440956,-84.575746,-5,1,"39.440956, -84.575746"
44372,Akron,OH,41.128705,-81.53999,-5,1,"41.128705, -81.53999"
45685,Thurman,OH,38.915013,-82.45326,-5,1,"38.915013, -82.45326"
45432,Dayton,OH,39.74035,-84.09306,-5,1,"39.74035, -84.09306"
43061,Ostrander,OH,40.285343,-83.20426,-5,1,"40.285343, -83.20426"
44191,Cleveland,OH,41.685744,-81.672797,-5,1,"41.685744, -81.672797"
44814,Berlin Heights,OH,41.323499,-82.4692,-5,1,"41.323499, -82.4692"
45690,Waverly,OH,39.123071,-83.0009,-5,1,"39.123071, -83.0009"
43786,Stafford,OH,39.711168,-81.275824,-5,1,"39.711168, -81.275824"
44315,Akron,OH,41.027977,-81.463238,-5,1,"41.027977, -81.463238"
45837,Dupont,OH,41.054934,-84.30075,-5,1,"41.054934, -84.30075"
44875,Shelby,OH,40.888988,-82.65598,-5,1,"40.888988, -82.65598"
44903,Mansfield,OH,40.766589,-82.51869,-5,1,"40.766589, -82.51869"
43529,Hoytville,OH,41.190401,-83.78249,-5,1,"41.190401, -83.78249"
44026,Chesterland,OH,41.526301,-81.33683,-5,1,"41.526301, -81.33683"
45239,Cincinnati,OH,39.207558,-84.57299,-5,1,"39.207558, -84.57299"
45882,Rockford,OH,40.682303,-84.67806,-5,1,"40.682303, -84.67806"
43004,Blacklick,OH,39.998073,-82.8052,-5,1,"39.998073, -82.8052"
44807,Attica,OH,41.069216,-82.87708,-5,1,"41.069216, -82.87708"
45710,Albany,OH,39.202517,-82.21421,-5,1,"39.202517, -82.21421"
43291,Columbus,OH,39.969036,-83.011389,-5,1,"39.969036, -83.011389"
44120,Cleveland,OH,41.472352,-81.58211,-5,1,"41.472352, -81.58211"
44488,Warren,OH,41.317424,-80.761269,-5,1,"41.317424, -80.761269"
45338,Lewisburg,OH,39.849859,-84.54428,-5,1,"39.849859, -84.54428"
45056,Oxford,OH,39.498751,-84.7407,-5,1,"39.498751, -84.7407"
45385,Xenia,OH,39.682836,-83.92144,-5,1,"39.682836, -83.92144"
44121,Cleveland,OH,41.526151,-81.53309,-5,1,"41.526151, -81.53309"
44131,Independence,OH,41.391753,-81.65816,-5,1,"41.391753, -81.65816"
45044,Middletown,OH,39.482957,-84.38393,-5,1,"39.482957, -84.38393"
45310,Burkettsville,OH,40.352158,-84.6448,-5,1,"40.352158, -84.6448"
43083,Westville,OH,40.102185,-83.83786,-5,1,"40.102185, -83.83786"
44404,Burghill,OH,41.340211,-80.536,-5,1,"41.340211, -80.536"
43760,Mount Perry,OH,39.888751,-82.19224,-5,1,"39.888751, -82.19224"
43782,Shawnee,OH,39.608984,-82.22225,-5,1,"39.608984, -82.22225"
43018,Etna,OH,39.956994,-82.68307,-5,1,"39.956994, -82.68307"
43117,Derby,OH,39.773025,-83.199472,-5,1,"39.773025, -83.199472"
43240,Columbus,OH,40.146873,-82.98178,-5,1,"40.146873, -82.98178"
45307,Bowersville,OH,39.580198,-83.72363,-5,1,"39.580198, -83.72363"
43235,Columbus,OH,40.099204,-83.05567,-5,1,"40.099204, -83.05567"
44334,Akron,OH,41.128705,-81.53999,-5,1,"41.128705, -81.53999"
44646,Massillon,OH,40.805131,-81.50101,-5,1,"40.805131, -81.50101"
45231,Cincinnati,OH,39.242608,-84.5453,-5,1,"39.242608, -84.5453"
45348,New Weston,OH,40.332705,-84.65016,-5,1,"40.332705, -84.65016"
43310,Belle Center,OH,40.518081,-83.78052,-5,1,"40.518081, -83.78052"
44491,West Farmington,OH,41.369527,-80.96327,-5,1,"41.369527, -80.96327"
45713,Bartlett,OH,39.419647,-81.8164,-5,1,"39.419647, -81.8164"
43211,Columbus,OH,40.012714,-82.97127,-5,1,"40.012714, -82.97127"
45177,Wilmington,OH,39.463476,-83.84446,-5,1,"39.463476, -83.84446"
45003,College Corner,OH,39.575126,-84.7905,-5,1,"39.575126, -84.7905"
43961,Stratton,OH,40.523054,-80.6294,-5,1,"40.523054, -80.6294"
45241,Cincinnati,OH,39.276271,-84.39324,-5,1,"39.276271, -84.39324"
44113,Cleveland,OH,41.484688,-81.70125,-5,1,"41.484688, -81.70125"
45253,Cincinnati,OH,39.166759,-84.53822,-5,1,"39.166759, -84.53822"
43103,Ashville,OH,39.720751,-82.94842,-5,1,"39.720751, -82.94842"
43930,Hammondsville,OH,40.566375,-80.76929,-5,1,"40.566375, -80.76929"
44846,Milan,OH,41.306205,-82.60611,-5,1,"41.306205, -82.60611"
45374,Troy,OH,40.03997,-84.229799,-5,1,"40.03997, -84.229799"
45430,Dayton,OH,39.710787,-84.08192,-5,1,"39.710787, -84.08192"
43330,Kirby,OH,40.813023,-83.419606,-5,1,"40.813023, -83.419606"
43723,Byesville,OH,39.968985,-81.54108,-5,1,"39.968985, -81.54108"
45440,Dayton,OH,39.674192,-84.11029,-5,1,"39.674192, -84.11029"
43320,Edison,OH,40.583666,-82.88443,-5,1,"40.583666, -82.88443"
43945,Salineville,OH,40.624307,-80.83872,-5,1,"40.624307, -80.83872"
45362,Rossburg,OH,40.28577,-84.63891,-5,1,"40.28577, -84.63891"
45449,Dayton,OH,39.664226,-84.24201,-5,1,"39.664226, -84.24201"
43340,Mount Victory,OH,40.547039,-83.49204,-5,1,"40.547039, -83.49204"
43542,Monclova,OH,41.577428,-83.76396,-5,1,"41.577428, -83.76396"
44033,East Claridon,OH,41.53335,-81.111175,-5,1,"41.53335, -81.111175"
44201,Atwater,OH,41.020057,-81.20037,-5,1,"41.020057, -81.20037"
43126,Harrisburg,OH,39.810093,-83.17085,-5,1,"39.810093, -83.17085"
45370,Spring Valley,OH,39.600367,-84.02586,-5,1,"39.600367, -84.02586"
43359,Wharton,OH,40.863848,-83.45714,-5,1,"40.863848, -83.45714"
44650,Maximo,OH,40.874558,-81.173873,-5,1,"40.874558, -81.173873"
45764,Nelsonville,OH,39.450463,-82.22975,-5,1,"39.450463, -82.22975"
44422,Greenford,OH,41.017082,-80.802854,-5,1,"41.017082, -80.802854"
45302,Anna,OH,40.40476,-84.19578,-5,1,"40.40476, -84.19578"
44130,Cleveland,OH,41.378051,-81.77945,-5,1,"41.378051, -81.77945"
44424,Hartford,OH,41.309096,-80.584681,-5,1,"41.309096, -80.584681"
44632,Hartville,OH,40.96289,-81.32814,-5,1,"40.96289, -81.32814"
45203,Cincinnati,OH,39.104127,-84.53067,-5,1,"39.104127, -84.53067"
43717,Belle Valley,OH,39.789241,-81.55483,-5,1,"39.789241, -81.55483"
45809,Gomer,OH,40.844554,-84.18324,-5,1,"40.844554, -84.18324"
43756,McConnelsville,OH,39.675911,-81.79548,-5,1,"39.675911, -81.79548"
45140,Loveland,OH,39.258653,-84.2651,-5,1,"39.258653, -84.2651"
45319,Donnelsville,OH,39.918936,-83.944909,-5,1,"39.918936, -83.944909"
43944,Richmond,OH,40.43273,-80.76692,-5,1,"40.43273, -80.76692"
44431,Leetonia,OH,40.864494,-80.75848,-5,1,"40.864494, -80.75848"
45209,Cincinnati,OH,39.15406,-84.43086,-5,1,"39.15406, -84.43086"
45365,Sidney,OH,40.284855,-84.15974,-5,1,"40.284855, -84.15974"
44030,Conneaut,OH,41.934916,-80.57923,-5,1,"41.934916, -80.57923"
45403,Dayton,OH,39.762708,-84.15294,-5,1,"39.762708, -84.15294"
43824,Fresno,OH,40.357857,-81.75288,-5,1,"40.357857, -81.75288"
45772,Reedsville,OH,39.143542,-81.83724,-5,1,"39.143542, -81.83724"
43940,Neffs,OH,40.027491,-80.81606,-5,1,"40.027491, -80.81606"
44439,Mesopotamia,OH,41.459359,-80.942716,-5,1,"41.459359, -80.942716"
44313,Akron,OH,41.123588,-81.57129,-5,1,"41.123588, -81.57129"
44288,Windham,OH,41.242864,-81.07101,-5,1,"41.242864, -81.07101"
44420,Girard,OH,41.160758,-80.693,-5,1,"41.160758, -80.693"
45862,Mendon,OH,40.669102,-84.52245,-5,1,"40.669102, -84.52245"
45222,Cincinnati,OH,39.166759,-84.53822,-5,1,"39.166759, -84.53822"
43988,Scio,OH,40.405788,-81.10432,-5,1,"40.405788, -81.10432"
44308,Akron,OH,41.081755,-81.51813,-5,1,"41.081755, -81.51813"
43054,New Albany,OH,40.080252,-82.82462,-5,1,"40.080252, -82.82462"
44640,Limaville,OH,40.983308,-81.14682,-5,1,"40.983308, -81.14682"
45243,Cincinnati,OH,39.18466,-84.36014,-5,1,"39.18466, -84.36014"
43318,De Graff,OH,40.314099,-83.91041,-5,1,"40.314099, -83.91041"
45641,Morgan,OH,38.967813,-82.220469,-5,1,"38.967813, -82.220469"
43445,Martin,OH,41.596682,-83.28985,-5,1,"41.596682, -83.28985"
43615,Toledo,OH,41.6522,-83.67037,-5,1,"41.6522, -83.67037"
44041,Geneva,OH,41.802618,-80.94645,-5,1,"41.802618, -80.94645"
43937,Maynard,OH,40.130167,-80.877264,-5,1,"40.130167, -80.877264"
44223,Cuyahoga Falls,OH,41.1486,-81.51241,-5,1,"41.1486, -81.51241"
44430,Leavittsburg,OH,41.24168,-80.88588,-5,1,"41.24168, -80.88588"
44853,New Riegel,OH,41.057873,-83.29505,-5,1,"41.057873, -83.29505"
45767,New Matamoras,OH,39.524674,-81.12031,-5,1,"39.524674, -81.12031"
43933,Jacobsburg,OH,39.938218,-80.89033,-5,1,"39.938218, -80.89033"
44902,Mansfield,OH,40.759156,-82.51118,-5,1,"40.759156, -82.51118"
43071,Saint Louisville,OH,40.173402,-82.36653,-5,1,"40.173402, -82.36653"
45674,Rio Grande,OH,38.881743,-82.38091,-5,1,"38.881743, -82.38091"
45039,Maineville,OH,39.317735,-84.24728,-5,1,"39.317735, -84.24728"
43287,Columbus,OH,39.969036,-83.011389,-5,1,"39.969036, -83.011389"
45054,Oregonia,OH,39.44415,-84.06299,-5,1,"39.44415, -84.06299"
45861,Melrose,OH,41.090714,-84.41948,-5,1,"41.090714, -84.41948"
43335,Martel,OH,40.668497,-82.909984,-5,1,"40.668497, -82.909984"
43538,Monclova,OH,41.597362,-83.806053,-5,1,"41.597362, -83.806053"
43450,Pemberville,OH,41.4031,-83.47664,-5,1,"41.4031, -83.47664"
43950,Saint Clairsville,OH,40.086725,-80.90826,-5,1,"40.086725, -80.90826"
43030,Jacksontown,OH,39.968846,-82.430017,-5,1,"39.968846, -82.430017"
43136,Lithopolis,OH,39.802655,-82.80802,-5,1,"39.802655, -82.80802"
43212,Columbus,OH,39.988114,-83.04268,-5,1,"39.988114, -83.04268"
43840,Stone Creek,OH,40.406106,-81.58374,-5,1,"40.406106, -81.58374"
44809,Bascom,OH,41.132988,-83.28328,-5,1,"41.132988, -83.28328"
45237,Cincinnati,OH,39.188859,-84.45798,-5,1,"39.188859, -84.45798"
43144,Murray City,OH,39.513028,-82.1665,-5,1,"39.513028, -82.1665"
43463,Stony Ridge,OH,41.509051,-83.508531,-5,1,"41.509051, -83.508531"
45036,Lebanon,OH,39.440152,-84.22175,-5,1,"39.440152, -84.22175"
43209,Columbus,OH,39.958564,-82.92824,-5,1,"39.958564, -82.92824"
45422,Dayton,OH,39.758058,-84.20009,-5,1,"39.758058, -84.20009"
44024,Chardon,OH,41.574171,-81.19473,-5,1,"41.574171, -81.19473"
44671,Sandyville,OH,40.641188,-81.36885,-5,1,"40.641188, -81.36885"
45150,Milford,OH,39.168818,-84.24995,-5,1,"39.168818, -84.24995"
44485,Warren,OH,41.237856,-80.84356,-5,1,"41.237856, -80.84356"
45389,Christiansburg,OH,40.055737,-84.02525,-5,1,"40.055737, -84.02525"
43666,Toledo,OH,41.678167,-83.497155,-5,1,"41.678167, -83.497155"
43010,Catawba,OH,40.000364,-83.62142,-5,1,"40.000364, -83.62142"
43525,Haskins,OH,41.466185,-83.70725,-5,1,"41.466185, -83.70725"
44054,Sheffield Lake,OH,41.48054,-82.09914,-5,1,"41.48054, -82.09914"
44089,Vermilion,OH,41.407845,-82.3648,-5,1,"41.407845, -82.3648"
45114,Cuba,OH,39.362778,-83.86432,-5,1,"39.362778, -83.86432"
45369,South Vienna,OH,39.942716,-83.60235,-5,1,"39.942716, -83.60235"
43716,Beallsville,OH,39.841646,-81.02104,-5,1,"39.841646, -81.02104"
45849,Grover Hill,OH,41.012,-84.46683,-5,1,"41.012, -84.46683"
43112,Carroll,OH,39.803993,-82.70953,-5,1,"39.803993, -82.70953"
44302,Akron,OH,41.089405,-81.53973,-5,1,"41.089405, -81.53973"
45424,Dayton,OH,39.840308,-84.12227,-5,1,"39.840308, -84.12227"
43519,Evansport,OH,41.422158,-84.396619,-5,1,"41.422158, -84.396619"
44678,Somerdale,OH,40.565209,-81.35014,-5,1,"40.565209, -81.35014"
45227,Cincinnati,OH,39.15201,-84.38348,-5,1,"39.15201, -84.38348"
45858,McComb,OH,41.106245,-83.80463,-5,1,"41.106245, -83.80463"
43520,Farmer,OH,41.39066,-84.631322,-5,1,"41.39066, -84.631322"
43605,Toledo,OH,41.642549,-83.5104,-5,1,"41.642549, -83.5104"
43545,Napoleon,OH,41.388278,-84.12511,-5,1,"41.388278, -84.12511"
44767,Canton,OH,40.895721,-81.424552,-5,1,"40.895721, -81.424552"
44415,Elkton,OH,40.76304,-80.704245,-5,1,"40.76304, -80.704245"
44721,Canton,OH,40.886297,-81.33145,-5,1,"40.886297, -81.33145"
43718,Belmont,OH,40.028171,-81.00679,-5,1,"40.028171, -81.00679"
44660,Mount Hope,OH,40.622284,-81.782532,-5,1,"40.622284, -81.782532"
43203,Columbus,OH,39.9718,-82.9688,-5,1,"39.9718, -82.9688"
43260,Columbus,OH,39.969036,-83.011389,-5,1,"39.969036, -83.011389"
44470,Southington,OH,41.294453,-80.9552,-5,1,"41.294453, -80.9552"
43601,Toledo,OH,41.720684,-83.569359,-5,1,"41.720684, -83.569359"
43466,Wayne,OH,41.28953,-83.50215,-5,1,"41.28953, -83.50215"
45886,Scott,OH,40.9871,-84.6073,-5,1,"40.9871, -84.6073"
44454,Petersburg,OH,40.910669,-80.53069,-5,1,"40.910669, -80.53069"
44192,Cleveland,OH,41.685744,-81.672797,-5,1,"41.685744, -81.672797"
45153,Moscow,OH,38.8702,-84.2025,-5,1,"38.8702, -84.2025"
44285,Wayland,OH,41.159706,-81.070017,-5,1,"41.159706, -81.070017"
44880,Sullivan,OH,41.038842,-82.21779,-5,1,"41.038842, -82.21779"
45431,Dayton,OH,39.765259,-84.10262,-5,1,"39.765259, -84.10262"
45224,Cincinnati,OH,39.204959,-84.53734,-5,1,"39.204959, -84.53734"
45760,Middleport,OH,39.006757,-82.08208,-5,1,"39.006757, -82.08208"
43443,Luckey,OH,41.455078,-83.47735,-5,1,"41.455078, -83.47735"
45739,Hockingport,OH,39.197888,-81.744573,-5,1,"39.197888, -81.744573"
44110,Cleveland,OH,41.562781,-81.57273,-5,1,"41.562781, -81.57273"
43119,Galloway,OH,39.939871,-83.1667,-5,1,"39.939871, -83.1667"
43467,West Millgrove,OH,41.245763,-83.48948,-5,1,"41.245763, -83.48948"
45113,Clarksville,OH,39.397066,-83.98239,-5,1,"39.397066, -83.98239"
45826,Chickasaw,OH,40.428177,-84.633484,-5,1,"40.428177, -84.633484"
43015,Delaware,OH,40.295925,-83.06968,-5,1,"40.295925, -83.06968"
44396,Akron,OH,41.128705,-81.53999,-5,1,"41.128705, -81.53999"
44417,Farmdale,OH,41.428487,-80.65551,-5,1,"41.428487, -80.65551"
44260,Mogadore,OH,41.043123,-81.36518,-5,1,"41.043123, -81.36518"
44601,Alliance,OH,40.917908,-81.11641,-5,1,"40.917908, -81.11641"
45437,Dayton,OH,39.750471,-84.268593,-5,1,"39.750471, -84.268593"
43058,Newark,OH,40.095148,-82.482659,-5,1,"40.095148, -82.482659"
44874,Savannah,OH,40.963743,-82.36547,-5,1,"40.963743, -82.36547"
43985,Holloway,OH,40.011338,-80.970135,-5,1,"40.011338, -80.970135"
44712,Canton,OH,40.811809,-81.368284,-5,1,"40.811809, -81.368284"
45335,Jamestown,OH,39.62434,-83.74587,-5,1,"39.62434, -83.74587"
45770,Portland,OH,38.988699,-81.8019,-5,1,"38.988699, -81.8019"
43660,Toledo,OH,41.654649,-83.532883,-5,1,"41.654649, -83.532883"
44319,Akron,OH,40.990922,-81.52953,-5,1,"40.990922, -81.52953"
44406,Canfield,OH,41.029666,-80.76396,-5,1,"41.029666, -80.76396"
45441,Dayton,OH,39.750471,-84.268593,-5,1,"39.750471, -84.268593"
43358,West Mansfield,OH,40.413252,-83.53853,-5,1,"40.413252, -83.53853"
43011,Centerburg,OH,40.304121,-82.68029,-5,1,"40.304121, -82.68029"
43349,Shauck,OH,40.614239,-82.661938,-5,1,"40.614239, -82.661938"
43697,Toledo,OH,41.686778,-83.43943,-5,1,"41.686778, -83.43943"
44080,Parkman,OH,41.372452,-81.06617,-5,1,"41.372452, -81.06617"
43805,Blissfield,OH,40.398274,-81.968787,-5,1,"40.398274, -81.968787"
43528,Holland,OH,41.626651,-83.73047,-5,1,"41.626651, -83.73047"
43537,Maumee,OH,41.576992,-83.672,-5,1,"41.576992, -83.672"
43935,Martins Ferry,OH,40.103877,-80.73327,-5,1,"40.103877, -80.73327"
44440,Mineral Ridge,OH,41.146334,-80.77271,-5,1,"41.146334, -80.77271"
45781,Torch,OH,39.368235,-82.010132,-5,1,"39.368235, -82.010132"
45813,Antwerp,OH,41.18312,-84.73533,-5,1,"41.18312, -84.73533"
43346,Roundhead,OH,40.573227,-83.846199,-5,1,"40.573227, -83.846199"
43070,Rosewood,OH,40.217799,-83.96044,-5,1,"40.217799, -83.96044"
44647,Massillon,OH,40.793924,-81.55252,-5,1,"40.793924, -81.55252"
45025,Hamilton,OH,39.440956,-84.575746,-5,1,"39.440956, -84.575746"
45836,Dunkirk,OH,40.790676,-83.63856,-5,1,"40.790676, -83.63856"
43160,Washington Court House,OH,39.533002,-83.43905,-5,1,"39.533002, -83.43905"
45349,North Hampton,OH,39.990945,-83.94049,-5,1,"39.990945, -83.94049"
44303,Akron,OH,41.103205,-81.53625,-5,1,"41.103205, -81.53625"
44629,Gnadenhutten,OH,40.359172,-81.4351,-5,1,"40.359172, -81.4351"
44857,Norwalk,OH,41.236357,-82.60185,-5,1,"41.236357, -82.60185"
45099,Monroe,OH,39.440956,-84.575746,-5,1,"39.440956, -84.575746"
45263,Cincinnati,OH,39.166759,-84.53822,-5,1,"39.166759, -84.53822"
43976,Hopedale,OH,40.352364,-80.90465,-5,1,"40.352364, -80.90465"
45439,Dayton,OH,39.695702,-84.21688,-5,1,"39.695702, -84.21688"
43143,Mount Sterling,OH,39.710455,-83.28776,-5,1,"39.710455, -83.28776"
45782,Trimble,OH,39.483798,-82.07788,-5,1,"39.483798, -82.07788"
43767,Norwich,OH,39.990948,-81.80629,-5,1,"39.990948, -81.80629"
44048,Kingsville,OH,41.866806,-80.64962,-5,1,"41.866806, -80.64962"
44438,Masury,OH,41.22832,-80.53175,-5,1,"41.22832, -80.53175"
44865,Plymouth,OH,40.99388,-82.67743,-5,1,"40.99388, -82.67743"
45212,Cincinnati,OH,39.160693,-84.4545,-5,1,"39.160693, -84.4545"
45652,McDermott,OH,38.833053,-83.07498,-5,1,"38.833053, -83.07498"
44189,Cleveland,OH,41.685744,-81.672797,-5,1,"41.685744, -81.672797"
44815,Bettsville,OH,41.244095,-83.23348,-5,1,"41.244095, -83.23348"
45721,Coal Run,OH,39.430738,-81.44512,-5,1,"39.430738, -81.44512"
43534,McClure,OH,41.368743,-83.93422,-5,1,"41.368743, -83.93422"
44286,Richfield,OH,41.233722,-81.63222,-5,1,"41.233722, -81.63222"
44412,Diamond,OH,41.099351,-81.00605,-5,1,"41.099351, -81.00605"
44179,Cleveland,OH,41.685744,-81.672797,-5,1,"41.685744, -81.672797"
45678,Scottown,OH,38.615111,-82.38004,-5,1,"38.615111, -82.38004"
44904,Mansfield,OH,40.678208,-82.58207,-5,1,"40.678208, -82.58207"
44397,Akron,OH,41.071603,-81.525556,-5,1,"41.071603, -81.525556"
43952,Steubenville,OH,40.371185,-80.63426,-5,1,"40.371185, -80.63426"
43322,Green Camp,OH,40.531614,-83.20937,-5,1,"40.531614, -83.20937"
44882,Sycamore,OH,40.953556,-83.14177,-5,1,"40.953556, -83.14177"
45317,Conover,OH,40.170605,-84.02446,-5,1,"40.170605, -84.02446"
43730,Corning,OH,39.617263,-82.09325,-5,1,"39.617263, -82.09325"
44137,Maple Heights,OH,41.412653,-81.56067,-5,1,"41.412653, -81.56067"
44215,Chippewa Lake,OH,41.069151,-81.90358,-5,1,"41.069151, -81.90358"
45314,Cedarville,OH,39.744577,-83.79697,-5,1,"39.744577, -83.79697"
43222,Columbus,OH,39.958664,-83.02856,-5,1,"39.958664, -83.02856"
45822,Celina,OH,40.542778,-84.58232,-5,1,"40.542778, -84.58232"
43736,Fairview,OH,40.064971,-81.255793,-5,1,"40.064971, -81.255793"
44040,Gates Mills,OH,41.532584,-81.41052,-5,1,"41.532584, -81.41052"
43006,Brinkhaven,OH,40.471139,-82.16947,-5,1,"40.471139, -82.16947"
44237,Hudson,OH,41.128705,-81.53999,-5,1,"41.128705, -81.53999"
45225,Cincinnati,OH,39.13741,-84.54112,-5,1,"39.13741, -84.54112"
43074,Sunbury,OH,40.270926,-82.84501,-5,1,"40.270926, -82.84501"
43543,Montpelier,OH,41.609365,-84.62292,-5,1,"41.609365, -84.62292"
43554,Pioneer,OH,41.65973,-84.56225,-5,1,"41.65973, -84.56225"
44625,East Rochester,OH,40.758473,-81.00795,-5,1,"40.758473, -81.00795"
45277,Cincinnati,OH,39.166759,-84.53822,-5,1,"39.166759, -84.53822"
45426,Dayton,OH,39.802606,-84.30196,-5,1,"39.802606, -84.30196"
43028,Howard,OH,40.42065,-82.31485,-5,1,"40.42065, -82.31485"
43205,Columbus,OH,39.957265,-82.96587,-5,1,"39.957265, -82.96587"
43789,Sycamore Valley,OH,39.654386,-81.240732,-5,1,"39.654386, -81.240732"
43152,South Bloomingville,OH,39.387214,-82.62314,-5,1,"39.387214, -82.62314"
43325,Iberia,OH,40.60796,-82.872954,-5,1,"40.60796, -82.872954"
45414,Dayton,OH,39.820807,-84.19381,-5,1,"39.820807, -84.19381"
45711,Amesville,OH,39.429095,-81.94337,-5,1,"39.429095, -81.94337"
45459,Dayton,OH,39.644609,-84.16931,-5,1,"39.644609, -84.16931"
43441,Lemoyne,OH,41.536132,-83.45938,-5,1,"41.536132, -83.45938"
43619,Northwood,OH,41.607416,-83.48322,-5,1,"41.607416, -83.48322"
43773,Quaker City,OH,39.991056,-81.28517,-5,1,"39.991056, -81.28517"
45304,Arcanum,OH,39.990909,-84.53709,-5,1,"39.990909, -84.53709"
45656,Oak Hill,OH,38.879935,-82.58332,-5,1,"38.879935, -82.58332"
43251,Columbus,OH,39.969036,-83.011389,-5,1,"39.969036, -83.011389"
43953,Steubenville,OH,40.369467,-80.70251,-5,1,"40.369467, -80.70251"
44087,Twinsburg,OH,41.314655,-81.44441,-5,1,"41.314655, -81.44441"
44416,Ellsworth,OH,41.017082,-80.802854,-5,1,"41.017082, -80.802854"
45766,New Marshfield,OH,39.32502,-82.2586,-5,1,"39.32502, -82.2586"
44836,Green Springs,OH,41.249374,-83.05827,-5,1,"41.249374, -83.05827"
43072,Saint Paris,OH,40.123455,-83.95416,-5,1,"40.123455, -83.95416"
44501,Youngstown,OH,41.017082,-80.802854,-5,1,"41.017082, -80.802854"
43924,Noble,OH,39.764709,-81.537215,-5,1,"39.764709, -81.537215"
45334,Jackson Center,OH,40.446467,-84.04389,-5,1,"40.446467, -84.04389"
44681,Sugarcreek,OH,40.503332,-81.64879,-5,1,"40.503332, -81.64879"
43764,New Lexington,OH,39.717824,-82.19823,-5,1,"39.717824, -82.19823"
43915,Clarington,OH,39.759825,-80.88695,-5,1,"39.759825, -80.88695"
44036,Elyria,OH,41.401494,-82.077068,-5,1,"41.401494, -82.077068"
44126,Cleveland,OH,41.441697,-81.85738,-5,1,"41.441697, -81.85738"
45470,Dayton,OH,39.750471,-84.268593,-5,1,"39.750471, -84.268593"
45020,Hamilton,OH,39.440956,-84.575746,-5,1,"39.440956, -84.575746"
45419,Dayton,OH,39.713309,-84.16523,-5,1,"39.713309, -84.16523"
43002,Amlin,OH,40.05991,-83.18299,-5,1,"40.05991, -83.18299"
45221,Cincinnati,OH,39.166759,-84.53822,-5,1,"39.166759, -84.53822"
45377,Vandalia,OH,39.889356,-84.2051,-5,1,"39.889356, -84.2051"
43464,Vickery,OH,41.404156,-82.92509,-5,1,"41.404156, -82.92509"
45448,Dayton,OH,39.750471,-84.268593,-5,1,"39.750471, -84.268593"
45846,Fort Recovery,OH,40.409441,-84.75912,-5,1,"40.409441, -84.75912"
43265,Columbus,OH,39.969036,-83.011389,-5,1,"39.969036, -83.011389"
43739,Glenford,OH,39.905157,-82.28507,-5,1,"39.905157, -82.28507"
45843,Forest,OH,40.782854,-83.52862,-5,1,"40.782854, -83.52862"
44214,Burbank,OH,40.965423,-82.00032,-5,1,"40.965423, -82.00032"
45636,Haverhill,OH,38.592446,-82.828817,-5,1,"38.592446, -82.828817"
43802,Adamsville,OH,40.090643,-81.86556,-5,1,"40.090643, -81.86556"
44264,Peninsula,OH,41.234388,-81.55114,-5,1,"41.234388, -81.55114"
45682,South Webster,OH,38.816072,-82.71455,-5,1,"38.816072, -82.71455"
45876,Ottoville,OH,40.931687,-84.33877,-5,1,"40.931687, -84.33877"
44656,Mineral City,OH,40.569177,-81.3359,-5,1,"40.569177, -81.3359"
44841,Kansas,OH,41.249535,-83.2966,-5,1,"41.249535, -83.2966"
44190,Cleveland,OH,41.685744,-81.672797,-5,1,"41.685744, -81.672797"
45553,West Union,OH,38.782131,-83.558044,-5,1,"38.782131, -83.558044"
43713,Barnesville,OH,39.989191,-81.17197,-5,1,"39.989191, -81.17197"
44108,Cleveland,OH,41.53715,-81.60905,-5,1,"41.53715, -81.60905"
44405,Campbell,OH,41.078058,-80.59243,-5,1,"41.078058, -80.59243"
43579,Tiffin,OH,41.425554,-84.395196,-5,1,"41.425554, -84.395196"
45274,Cincinnati,OH,39.166759,-84.53822,-5,1,"39.166759, -84.53822"
45359,Pleasant Hill,OH,40.053483,-84.35202,-5,1,"40.053483, -84.35202"
45670,Wilkesville,OH,39.118117,-82.381351,-5,1,"39.118117, -82.381351"
43617,Toledo,OH,41.667361,-83.71609,-5,1,"41.667361, -83.71609"
44652,Middlebranch,OH,40.895057,-81.326195,-5,1,"40.895057, -81.326195"
44803,Amsden,OH,41.037511,-82.910552,-5,1,"41.037511, -82.910552"
44503,Youngstown,OH,41.100296,-80.64962,-5,1,"41.100296, -80.64962"
45171,Sardinia,OH,38.985368,-83.78542,-5,1,"38.985368, -83.78542"
44856,North Robinson,OH,40.792804,-82.85759,-5,1,"40.792804, -82.85759"
43791,White Cottage,OH,39.855474,-82.11492,-5,1,"39.855474, -82.11492"
45234,Cincinnati,OH,39.166759,-84.53822,-5,1,"39.166759, -84.53822"
45757,Dexter City,OH,39.65828,-81.470771,-5,1,"39.65828, -81.470771"
44471,Struthers,OH,41.051255,-80.59512,-5,1,"41.051255, -80.59512"
43518,Edon,OH,41.572443,-84.75333,-5,1,"41.572443, -84.75333"
44256,Medina,OH,41.139849,-81.85646,-5,1,"41.139849, -81.85646"
45213,Cincinnati,OH,39.180893,-84.41881,-5,1,"39.180893, -84.41881"
45775,Rutland,OH,39.089885,-82.16773,-5,1,"39.089885, -82.16773"
43202,Columbus,OH,40.018814,-83.00894,-5,1,"40.018814, -83.00894"
43468,Williston,OH,41.602898,-83.33988,-5,1,"41.602898, -83.33988"
43659,Toledo,OH,41.686778,-83.43943,-5,1,"41.686778, -83.43943"
45354,Phillipsburg,OH,39.904603,-84.40163,-5,1,"39.904603, -84.40163"
45761,Millfield,OH,39.431016,-82.09986,-5,1,"39.431016, -82.09986"
44168,Dalton,OH,40.80066,-81.699683,-5,1,"40.80066, -81.699683"
45601,Chillicothe,OH,39.33046,-82.97228,-5,1,"39.33046, -82.97228"
43738,Fultonham,OH,39.855355,-82.14178,-5,1,"39.855355, -82.14178"
45162,Pleasant Plain,OH,39.276492,-84.08817,-5,1,"39.276492, -84.08817"
45245,Cincinnati,OH,39.075329,-84.27311,-5,1,"39.075329, -84.27311"
43315,Cardington,OH,40.490756,-82.87312,-5,1,"40.490756, -82.87312"
44305,Akron,OH,41.073606,-81.46278,-5,1,"41.073606, -81.46278"
44906,Mansfield,OH,40.766056,-82.56749,-5,1,"40.766056, -82.56749"
45118,Fayetteville,OH,39.184985,-83.95045,-5,1,"39.184985, -83.95045"
44060,Mentor,OH,41.688162,-81.33378,-5,1,"41.688162, -81.33378"
43348,Russells Point,OH,40.469231,-83.88554,-5,1,"40.469231, -83.88554"
43708,Wayne,OH,39.922656,-81.433818,-5,1,"39.922656, -81.433818"
44449,North Benton,OH,40.992991,-81.02595,-5,1,"40.992991, -81.02595"
45401,Dayton,OH,39.750471,-84.268593,-5,1,"39.750471, -84.268593"
43151,Sedalia,OH,39.732474,-83.47587,-5,1,"39.732474, -83.47587"
43272,Columbus,OH,39.969036,-83.011389,-5,1,"39.969036, -83.011389"
43943,Rayland,OH,40.211142,-80.72596,-5,1,"40.211142, -80.72596"
45311,Camden,OH,39.629735,-84.67557,-5,1,"39.629735, -84.67557"
43023,Granville,OH,40.070985,-82.52134,-5,1,"40.070985, -82.52134"
44670,Robertsville,OH,40.76291,-81.19054,-5,1,"40.76291, -81.19054"
44486,Warren,OH,41.317424,-80.761269,-5,1,"41.317424, -80.761269"
43962,Summitville,OH,40.679857,-80.88595,-5,1,"40.679857, -80.88595"
45262,Cincinnati,OH,39.166759,-84.53822,-5,1,"39.166759, -84.53822"
43431,Gibsonburg,OH,41.390878,-83.32313,-5,1,"41.390878, -83.32313"
43611,Toledo,OH,41.703379,-83.49003,-5,1,"41.703379, -83.49003"
45729,Fleming,OH,39.420916,-81.5936,-5,1,"39.420916, -81.5936"
44606,Apple Creek,OH,40.739199,-81.80457,-5,1,"40.739199, -81.80457"
44631,Harlem Springs,OH,40.521924,-81.003619,-5,1,"40.521924, -81.003619"
45773,Reno,OH,39.471663,-81.28018,-5,1,"39.471663, -81.28018"
44482,Warren,OH,41.317424,-80.761269,-5,1,"41.317424, -80.761269"
44669,Paris,OH,40.798758,-81.16037,-5,1,"40.798758, -81.16037"
45051,Mount Saint Joseph,OH,39.09646,-84.643096,-5,1,"39.09646, -84.643096"
45219,Cincinnati,OH,39.12721,-84.50988,-5,1,"39.12721, -84.50988"
45327,Germantown,OH,39.628806,-84.37873,-5,1,"39.628806, -84.37873"
43302,Marion,OH,40.589747,-83.12173,-5,1,"40.589747, -83.12173"
45312,Casstown,OH,40.0659,-84.08219,-5,1,"40.0659, -84.08219"
44703,Canton,OH,40.809108,-81.3809,-5,1,"40.809108, -81.3809"
45244,Cincinnati,OH,39.119161,-84.33389,-5,1,"39.119161, -84.33389"
44321,Akron,OH,41.102587,-81.65092,-5,1,"41.102587, -81.65092"
43266,Columbus,OH,39.969036,-83.011389,-5,1,"39.969036, -83.011389"
44481,Warren,OH,41.205342,-80.85756,-5,1,"41.205342, -80.85756"
43457,Risingsun,OH,41.269279,-83.43171,-5,1,"41.269279, -83.43171"
44035,Elyria,OH,41.369846,-82.10874,-5,1,"41.369846, -82.10874"
44055,Lorain,OH,41.435642,-82.13689,-5,1,"41.435642, -82.13689"
44314,Akron,OH,41.040155,-81.55914,-5,1,"41.040155, -81.55914"
45382,West Manchester,OH,39.903258,-84.62255,-5,1,"39.903258, -84.62255"
43749,Kimbolton,OH,40.157301,-81.55736,-5,1,"40.157301, -81.55736"
45264,Cincinnati,OH,39.166759,-84.53822,-5,1,"39.166759, -84.53822"
45102,Amelia,OH,39.023067,-84.2099,-5,1,"39.023067, -84.2099"
45714,Belpre,OH,39.297622,-81.5958,-5,1,"39.297622, -81.5958"
43966,Unionport,OH,40.360979,-80.839519,-5,1,"40.360979, -80.839519"
44081,Perry,OH,41.767394,-81.14287,-5,1,"41.767394, -81.14287"
45783,Tuppers Plains,OH,39.168349,-81.842313,-5,1,"39.168349, -81.842313"
45805,Lima,OH,40.739517,-84.14468,-5,1,"40.739517, -84.14468"
43229,Columbus,OH,40.085313,-82.97326,-5,1,"40.085313, -82.97326"
45634,Hamden,OH,39.171012,-82.50017,-5,1,"39.171012, -82.50017"
45693,West Union,OH,38.795145,-83.54335,-5,1,"38.795145, -83.54335"
43110,Canal Winchester,OH,39.854413,-82.80872,-5,1,"39.854413, -82.80872"
43547,Neapolis,OH,41.491702,-83.87108,-5,1,"41.491702, -83.87108"
44074,Oberlin,OH,41.2863,-82.21935,-5,1,"41.2863, -82.21935"
44999,Mansfield,OH,40.772874,-82.532057,-5,1,"40.772874, -82.532057"
44679,Stillwater,OH,40.440407,-81.488516,-5,1,"40.440407, -81.488516"
45647,Londonderry,OH,39.282411,-82.76457,-5,1,"39.282411, -82.76457"
44317,Akron,OH,41.052455,-81.529139,-5,1,"41.052455, -81.529139"
44840,Jeromesville,OH,40.801432,-82.18712,-5,1,"40.801432, -82.18712"
43948,Smithfield,OH,40.269741,-80.78137,-5,1,"40.269741, -80.78137"
45669,Proctorville,OH,38.468003,-82.35457,-5,1,"38.468003, -82.35457"
43702,Zanesville,OH,39.961236,-81.962539,-5,1,"39.961236, -81.962539"
44622,Dover,OH,40.537509,-81.48791,-5,1,"40.537509, -81.48791"
45409,Dayton,OH,39.725705,-84.18927,-5,1,"39.725705, -84.18927"
45675,Rock Camp,OH,38.536685,-82.532715,-5,1,"38.536685, -82.532715"
45680,South Point,OH,38.438617,-82.55774,-5,1,"38.438617, -82.55774"
44907,Mansfield,OH,40.733243,-82.51975,-5,1,"40.733243, -82.51975"
45055,Overpeck,OH,39.451806,-84.515245,-5,1,"39.451806, -84.515245"
45166,Reesville,OH,39.480543,-83.677197,-5,1,"39.480543, -83.677197"
45768,Newport,OH,39.397077,-81.25508,-5,1,"39.397077, -81.25508"
43609,Toledo,OH,41.63105,-83.57313,-5,1,"41.63105, -83.57313"
44408,Columbiana,OH,40.884299,-80.68652,-5,1,"40.884299, -80.68652"
44701,Canton,OH,40.782408,-81.371185,-5,1,"40.782408, -81.371185"
45164,Port William,OH,39.553045,-83.78346,-5,1,"39.553045, -83.78346"
45640,Jackson,OH,39.034226,-82.63678,-5,1,"39.034226, -82.63678"
43331,Lakeview,OH,40.507868,-83.90705,-5,1,"40.507868, -83.90705"
43635,Toledo,OH,41.686778,-83.43943,-5,1,"41.686778, -83.43943"
45026,Hamilton,OH,39.440956,-84.575746,-5,1,"39.440956, -84.575746"
45482,Dayton,OH,39.750471,-84.268593,-5,1,"39.750471, -84.268593"
43356,Waldo,OH,40.461613,-83.05047,-5,1,"40.461613, -83.05047"
45717,Carbondale,OH,39.368235,-82.010132,-5,1,"39.368235, -82.010132"
44306,Akron,OH,41.046055,-81.49039,-5,1,"41.046055, -81.49039"
44320,Akron,OH,41.083155,-81.57022,-5,1,"41.083155, -81.57022"
45898,Willshire,OH,40.74011,-84.77607,-5,1,"40.74011, -84.77607"
45880,Payne,OH,41.072614,-84.7317,-5,1,"41.072614, -84.7317"
43465,Walbridge,OH,41.57725,-83.49795,-5,1,"41.57725, -83.49795"
44653,Midvale,OH,40.433496,-81.3731,-5,1,"40.433496, -81.3731"
44427,Kensington,OH,40.723803,-80.94874,-5,1,"40.723803, -80.94874"
43406,Bradner,OH,41.328037,-83.43802,-5,1,"41.328037, -83.43802"
45174,Terrace Park,OH,39.161061,-84.30808,-5,1,"39.161061, -84.30808"
45267,Cincinnati,OH,39.166759,-84.53822,-5,1,"39.166759, -84.53822"
43964,Toronto,OH,40.465183,-80.62364,-5,1,"40.465183, -80.62364"
43109,Brice,OH,39.916574,-82.83218,-5,1,"39.916574, -82.83218"
44432,Lisbon,OH,40.757793,-80.7642,-5,1,"40.757793, -80.7642"
44820,Bucyrus,OH,40.815179,-82.97091,-5,1,"40.815179, -82.97091"
44483,Warren,OH,41.252748,-80.80773,-5,1,"41.252748, -80.80773"
44070,North Olmsted,OH,41.415097,-81.91436,-5,1,"41.415097, -81.91436"
45388,Yorkshire,OH,40.328535,-84.47938,-5,1,"40.328535, -84.47938"
45833,Delphos,OH,40.841409,-84.34178,-5,1,"40.841409, -84.34178"
44185,Cleveland,OH,41.685744,-81.672797,-5,1,"41.685744, -81.672797"
44096,Willoughby,OH,41.910676,-81.249027,-5,1,"41.910676, -81.249027"
45103,Batavia,OH,39.082894,-84.15319,-5,1,"39.082894, -84.15319"
43098,Hebron,OH,40.095148,-82.482659,-5,1,"40.095148, -82.482659"
43440,Lakeside Marblehead,OH,41.533186,-82.75881,-5,1,"41.533186, -82.75881"
44848,Nankin,OH,40.920617,-82.281695,-5,1,"40.920617, -82.281695"
45271,Cincinnati,OH,39.166759,-84.53822,-5,1,"39.166759, -84.53822"
45694,Wheelersburg,OH,38.729816,-82.8004,-5,1,"38.729816, -82.8004"
44115,Cleveland,OH,41.493501,-81.67125,-5,1,"41.493501, -81.67125"
44125,Cleveland,OH,41.414403,-81.60793,-5,1,"41.414403, -81.60793"
45011,Hamilton,OH,39.404856,-84.52271,-5,1,"39.404856, -84.52271"
45005,Franklin,OH,39.550241,-84.3087,-5,1,"39.550241, -84.3087"
45867,Mount Blanchard,OH,40.903089,-83.54591,-5,1,"40.903089, -83.54591"
43032,Kilbourne,OH,40.328773,-82.95824,-5,1,"40.328773, -82.95824"
43153,South Solon,OH,39.721965,-83.58093,-5,1,"39.721965, -83.58093"
43655,Toledo,OH,41.686778,-83.43943,-5,1,"41.686778, -83.43943"
44138,Olmsted Falls,OH,41.373949,-81.91507,-5,1,"41.373949, -81.91507"
45230,Cincinnati,OH,39.078368,-84.38865,-5,1,"39.078368, -84.38865"
45368,South Charleston,OH,39.840367,-83.65813,-5,1,"39.840367, -83.65813"
45624,Cynthiana,OH,39.172214,-83.34842,-5,1,"39.172214, -83.34842"
44250,Lakemore,OH,41.020256,-81.4359,-5,1,"41.020256, -81.4359"
43947,Shadyside,OH,39.964553,-80.76013,-5,1,"39.964553, -80.76013"
43821,Dresden,OH,40.130754,-82.01637,-5,1,"40.130754, -82.01637"
44275,Spencer,OH,41.101909,-82.10234,-5,1,"41.101909, -82.10234"
44718,Canton,OH,40.850683,-81.43773,-5,1,"40.850683, -81.43773"
43154,Stoutsville,OH,39.605605,-82.82656,-5,1,"39.605605, -82.82656"
43345,Ridgeway,OH,40.513261,-83.57736,-5,1,"40.513261, -83.57736"
43437,Jerry City,OH,41.252306,-83.60464,-5,1,"41.252306, -83.60464"
43022,Gambier,OH,40.351781,-82.35543,-5,1,"40.351781, -82.35543"
43413,Cygnet,OH,41.240054,-83.64985,-5,1,"41.240054, -83.64985"
44402,Bristolville,OH,41.385826,-80.87487,-5,1,"41.385826, -80.87487"
44802,Alvada,OH,41.053889,-83.41412,-5,1,"41.053889, -83.41412"
44675,Sherrodsville,OH,40.506928,-81.24133,-5,1,"40.506928, -81.24133"
44128,Cleveland,OH,41.441153,-81.55179,-5,1,"41.441153, -81.55179"
44193,Cleveland,OH,41.685744,-81.672797,-5,1,"41.685744, -81.672797"
43555,Ridgeville Corners,OH,41.437905,-84.255,-5,1,"41.437905, -84.255"
45750,Marietta,OH,39.426551,-81.44373,-5,1,"39.426551, -81.44373"
44639,Leesville,OH,40.547688,-81.243498,-5,1,"40.547688, -81.243498"
44683,Uhrichsville,OH,40.373604,-81.34146,-5,1,"40.373604, -81.34146"
43003,Ashley,OH,40.40994,-82.96124,-5,1,"40.40994, -82.96124"
43066,Radnor,OH,40.400799,-83.15216,-5,1,"40.400799, -83.15216"
44056,Macedonia,OH,41.321189,-81.50135,-5,1,"41.321189, -81.50135"
44202,Aurora,OH,41.320612,-81.36352,-5,1,"41.320612, -81.36352"
44599,Youngstown,OH,41.017082,-80.802854,-5,1,"41.017082, -80.802854"
44799,Canton,OH,40.811809,-81.368284,-5,1,"40.811809, -81.368284"
44677,Smithville,OH,40.865194,-81.85967,-5,1,"40.865194, -81.85967"
45061,Ross,OH,39.31235,-84.64828,-5,1,"39.31235, -84.64828"
44262,Munroe Falls,OH,41.138806,-81.43787,-5,1,"41.138806, -81.43787"
44607,Augusta,OH,40.686028,-81.02187,-5,1,"40.686028, -81.02187"
45810,Ada,OH,40.774039,-83.81821,-5,1,"40.774039, -83.81821"
43403,Bowling Green,OH,41.39235,-83.648996,-5,1,"41.39235, -83.648996"
43527,Holgate,OH,41.253169,-84.14754,-5,1,"41.253169, -84.14754"
44184,Cleveland,OH,41.685744,-81.672797,-5,1,"41.685744, -81.672797"
43162,West Jefferson,OH,39.939528,-83.28912,-5,1,"39.939528, -83.28912"
44641,Louisville,OH,40.843685,-81.26298,-5,1,"40.843685, -81.26298"
44062,Middlefield,OH,41.462346,-81.03666,-5,1,"41.462346, -81.03666"
43036,Magnetic Springs,OH,40.353133,-83.26289,-5,1,"40.353133, -83.26289"
45053,Okeana,OH,39.352687,-84.78591,-5,1,"39.352687, -84.78591"
45251,Cincinnati,OH,39.258124,-84.58733,-5,1,"39.258124, -84.58733"
43025,Hebron,OH,39.958869,-82.49882,-5,1,"39.958869, -82.49882"
44117,Euclid,OH,41.570344,-81.52726,-5,1,"41.570344, -81.52726"
44513,Youngstown,OH,41.017082,-80.802854,-5,1,"41.017082, -80.802854"
45350,North Star,OH,40.135426,-84.619129,-5,1,"40.135426, -84.619129"
45681,South Salem,OH,39.308063,-83.25664,-5,1,"39.308063, -83.25664"
45619,Chesapeake,OH,38.448563,-82.44553,-5,1,"38.448563, -82.44553"
43016,Dublin,OH,40.089811,-83.13983,-5,1,"40.089811, -83.13983"
43842,Trinway,OH,40.140472,-82.01079,-5,1,"40.140472, -82.01079"
45808,Beaverdam,OH,40.832363,-83.97343,-5,1,"40.832363, -83.97343"
43711,Ava,OH,39.827556,-81.554854,-5,1,"39.827556, -81.554854"
44399,Akron,OH,41.128705,-81.53999,-5,1,"41.128705, -81.53999"
44084,Rock Creek,OH,41.659739,-80.86635,-5,1,"41.659739, -80.86635"
44177,Cleveland,OH,41.685744,-81.672797,-5,1,"41.685744, -81.672797"
45732,Glouster,OH,39.506243,-82.0779,-5,1,"39.506243, -82.0779"
45999,Cincinnati,OH,39.166759,-84.53822,-5,1,"39.166759, -84.53822"
44644,Malvern,OH,40.68357,-81.17453,-5,1,"40.68357, -81.17453"
45204,Cincinnati,OH,39.093345,-84.56428,-5,1,"39.093345, -84.56428"
43434,Harbor View,OH,41.645699,-83.620233,-5,1,"41.645699, -83.620233"
43747,Jerusalem,OH,39.862128,-81.11139,-5,1,"39.862128, -81.11139"
43787,Stockport,OH,39.536415,-81.80009,-5,1,"39.536415, -81.80009"
45050,Monroe,OH,39.441008,-84.36582,-5,1,"39.441008, -84.36582"
45701,Athens,OH,39.322847,-82.09728,-5,1,"39.322847, -82.09728"
43337,Morral,OH,40.687548,-83.22944,-5,1,"40.687548, -83.22944"
43449,Oak Harbor,OH,41.53446,-83.13569,-5,1,"41.53446, -83.13569"
45734,Graysville,OH,39.628144,-81.19164,-5,1,"39.628144, -81.19164"
43571,Whitehouse,OH,41.517402,-83.81063,-5,1,"41.517402, -83.81063"
44088,Unionville,OH,41.783323,-81.003385,-5,1,"41.783323, -81.003385"
44103,Cleveland,OH,41.513801,-81.64287,-5,1,"41.513801, -81.64287"
43741,Wayne,OH,39.884291,-81.106797,-5,1,"39.884291, -81.106797"
45127,Columbia,OH,39.137761,-84.35214,-5,1,"39.137761, -84.35214"
43603,Toledo,OH,41.686778,-83.43943,-5,1,"41.686778, -83.43943"
43759,Morristown,OH,40.011338,-80.970135,-5,1,"40.011338, -80.970135"
43793,Woodsfield,OH,39.742066,-81.09908,-5,1,"39.742066, -81.09908"
44484,Warren,OH,41.226957,-80.76475,-5,1,"41.226957, -80.76475"
45621,Coalton,OH,39.111094,-82.61105,-5,1,"39.111094, -82.61105"
45769,Pomeroy,OH,39.092281,-82.028,-5,1,"39.092281, -82.028"
43234,Columbus,OH,39.969036,-83.011389,-5,1,"39.969036, -83.011389"
43973,Freeport,OH,40.189812,-81.27506,-5,1,"40.189812, -81.27506"
44871,Sandusky,OH,41.49181,-82.647824,-5,1,"41.49181, -82.647824"
44450,North Bloomfield,OH,41.449052,-80.81921,-5,1,"41.449052, -80.81921"
43149,Rockbridge,OH,39.545786,-82.57704,-5,1,"39.545786, -82.57704"
43207,Columbus,OH,39.897695,-82.96969,-5,1,"39.897695, -82.96969"
44847,Monroeville,OH,41.238863,-82.70909,-5,1,"41.238863, -82.70909"
45661,Piketon,OH,39.046079,-83.06459,-5,1,"39.046079, -83.06459"
44135,Cleveland,OH,41.432149,-81.80467,-5,1,"41.432149, -81.80467"
43350,Sparta,OH,40.394773,-82.69952,-5,1,"40.394773, -82.69952"
43462,Rudolph,OH,41.28447,-83.69515,-5,1,"41.28447, -83.69515"
45872,North Baltimore,OH,41.18394,-83.67053,-5,1,"41.18394, -83.67053"
43916,Colerain,OH,40.122351,-80.814948,-5,1,"40.122351, -80.814948"
44608,Beach City,OH,40.65151,-81.58475,-5,1,"40.65151, -81.58475"
44473,Vienna,OH,41.236248,-80.66265,-5,1,"41.236248, -80.66265"
43661,Toledo,OH,41.678167,-83.497155,-5,1,"41.678167, -83.497155"
45657,Otway,OH,38.866354,-83.22028,-5,1,"38.866354, -83.22028"
45063,Shandon,OH,39.325805,-84.712099,-5,1,"39.325805, -84.712099"
45347,New Paris,OH,39.876255,-84.77788,-5,1,"39.876255, -84.77788"
44680,Strasburg,OH,40.59712,-81.53098,-5,1,"40.59712, -81.53098"
45273,Cincinnati,OH,39.166759,-84.53822,-5,1,"39.166759, -84.53822"
45030,Harrison,OH,39.257936,-84.77001,-5,1,"39.257936, -84.77001"
43113,Circleville,OH,39.598236,-82.94285,-5,1,"39.598236, -82.94285"
43777,Roseville,OH,39.814025,-82.07808,-5,1,"39.814025, -82.07808"
44106,Cleveland,OH,41.507751,-81.60883,-5,1,"41.507751, -81.60883"
44429,Lake Milton,OH,41.100329,-80.9853,-5,1,"41.100329, -80.9853"
44862,Ontario,OH,40.772874,-82.532057,-5,1,"40.772874, -82.532057"
43610,Toledo,OH,41.676299,-83.55996,-5,1,"41.676299, -83.55996"
44011,Avon,OH,41.450538,-82.02167,-5,1,"41.450538, -82.02167"
44598,Youngstown,OH,41.017082,-80.802854,-5,1,"41.017082, -80.802854"
44827,Crestline,OH,40.795521,-82.74991,-5,1,"40.795521, -82.74991"
45853,Kalida,OH,40.983471,-84.20027,-5,1,"40.983471, -84.20027"
44830,Fostoria,OH,41.164209,-83.41054,-5,1,"41.164209, -83.41054"
45105,Bentonville,OH,38.749779,-83.612574,-5,1,"38.749779, -83.612574"
45888,Uniopolis,OH,40.601985,-84.08653,-5,1,"40.601985, -84.08653"
43438,Kelleys Island,OH,41.601343,-82.69744,-5,1,"41.601343, -82.69744"
43128,Jeffersonville,OH,39.651917,-83.57236,-5,1,"39.651917, -83.57236"
44798,Canton,OH,40.811809,-81.368284,-5,1,"40.811809, -81.368284"
45698,Zaleski,OH,39.282728,-82.39623,-5,1,"39.282728, -82.39623"
43512,Defiance,OH,41.29037,-84.36539,-5,1,"41.29037, -84.36539"
44393,Akron,OH,41.128705,-81.53999,-5,1,"41.128705, -81.53999"
44023,Chagrin Falls,OH,41.392171,-81.32748,-5,1,"41.392171, -81.32748"
43271,Columbus,OH,39.969036,-83.011389,-5,1,"39.969036, -83.011389"
44199,Cleveland,OH,41.685744,-81.672797,-5,1,"41.685744, -81.672797"
44708,Canton,OH,40.810931,-81.42142,-5,1,"40.810931, -81.42142"
45254,Cincinnati,OH,39.166759,-84.53822,-5,1,"39.166759, -84.53822"
45367,Sidney,OH,40.333611,-84.218308,-5,1,"40.333611, -84.218308"
44839,Huron,OH,41.388534,-82.5568,-5,1,"41.388534, -82.5568"
45827,Cloverdale,OH,41.009008,-84.30617,-5,1,"41.009008, -84.30617"
45696,Willow Wood,OH,38.592851,-82.46212,-5,1,"38.592851, -82.46212"
44222,Cuyahoga Falls,OH,41.128705,-81.53999,-5,1,"41.128705, -81.53999"
43752,Laings,OH,39.717086,-81.009999,-5,1,"39.717086, -81.009999"
43106,Bloomingburg,OH,39.624916,-83.40267,-5,1,"39.624916, -83.40267"
43504,Berkey,OH,41.697701,-83.83446,-5,1,"41.697701, -83.83446"
45620,Cheshire,OH,38.943285,-82.13589,-5,1,"38.943285, -82.13589"
44651,Mechanicstown,OH,40.623637,-80.96214,-5,1,"40.623637, -80.96214"
44860,Oceola,OH,40.845335,-83.09269,-5,1,"40.845335, -83.09269"
43977,Flushing,OH,40.147388,-81.11291,-5,1,"40.147388, -81.11291"
45740,Jacksonville,OH,39.475889,-82.07959,-5,1,"39.475889, -82.07959"
45503,Springfield,OH,39.94831,-83.78205,-5,1,"39.94831, -83.78205"
44455,Rogers,OH,40.787331,-80.61034,-5,1,"40.787331, -80.61034"
43523,Grelton,OH,41.341081,-84.000532,-5,1,"41.341081, -84.000532"
44211,Brady Lake,OH,41.169816,-81.312416,-5,1,"41.169816, -81.312416"
45013,Hamilton,OH,39.409188,-84.60321,-5,1,"39.409188, -84.60321"
43046,Millersport,OH,39.900063,-82.53696,-5,1,"39.900063, -82.53696"
43938,Mingo Junction,OH,40.318569,-80.64172,-5,1,"40.318569, -80.64172"
44854,New Washington,OH,40.954399,-82.85436,-5,1,"40.954399, -82.85436"
45613,Beaver,OH,39.015223,-82.84927,-5,1,"39.015223, -82.84927"
45121,Georgetown,OH,38.87752,-83.90215,-5,1,"38.87752, -83.90215"
43216,Columbus,OH,39.969036,-83.011389,-5,1,"39.969036, -83.011389"
43903,Amsterdam,OH,40.469171,-80.93363,-5,1,"40.469171, -80.93363"
43927,Fairpoint,OH,40.11761,-80.93763,-5,1,"40.11761, -80.93763"
45820,Cairo,OH,40.831339,-84.08602,-5,1,"40.831339, -84.08602"
43558,Swanton,OH,41.585948,-83.87384,-5,1,"41.585948, -83.87384"
43005,Bladensburg,OH,40.285043,-82.28218,-5,1,"40.285043, -82.28218"
43044,Mechanicsburg,OH,40.052907,-83.57223,-5,1,"40.052907, -83.57223"
45269,Cincinnati,OH,39.166759,-84.53822,-5,1,"39.166759, -84.53822"
45423,Dayton,OH,39.750471,-84.268593,-5,1,"39.750471, -84.268593"
44136,Strongsville,OH,41.312752,-81.83197,-5,1,"41.312752, -81.83197"
45663,West Portsmouth,OH,38.743244,-83.05954,-5,1,"38.743244, -83.05954"
43469,Woodville,OH,41.455129,-83.36565,-5,1,"41.455129, -83.36565"
45002,Cleves,OH,39.180358,-84.73783,-5,1,"39.180358, -84.73783"
43828,Keene,OH,40.351271,-81.873607,-5,1,"40.351271, -81.873607"
45305,Bellbrook,OH,39.640059,-84.0855,-5,1,"39.640059, -84.0855"
45614,Bidwell,OH,38.919179,-82.29337,-5,1,"38.919179, -82.29337"
44270,Rittman,OH,40.971727,-81.77938,-5,1,"40.971727, -81.77938"
44851,New London,OH,41.098478,-82.40483,-5,1,"41.098478, -82.40483"
45383,West Milton,OH,39.958117,-84.33335,-5,1,"39.958117, -84.33335"
45838,Elgin,OH,40.740456,-84.47602,-5,1,"40.740456, -84.47602"
43317,Chesterville,OH,40.479649,-82.68356,-5,1,"40.479649, -82.68356"
43432,Graytown,OH,41.553383,-83.25597,-5,1,"41.553383, -83.25597"
43967,Warnock,OH,40.022806,-80.94093,-5,1,"40.022806, -80.94093"
45358,Pitsburg,OH,39.986011,-84.48651,-5,1,"39.986011, -84.48651"
45248,Cincinnati,OH,39.160159,-84.65042,-5,1,"39.160159, -84.65042"
44188,Cleveland,OH,41.685744,-81.672797,-5,1,"41.685744, -81.672797"
44610,Berlin,OH,40.561587,-81.7981,-5,1,"40.561587, -81.7981"
43347,Rushsylvania,OH,40.470605,-83.66538,-5,1,"40.470605, -83.66538"
45893,Vaughnsville,OH,40.882077,-84.148028,-5,1,"40.882077, -84.148028"
43187,Pickerington,OH,39.882017,-82.739875,-5,1,"39.882017, -82.739875"
43137,Lockbourne,OH,39.818249,-82.98115,-5,1,"39.818249, -82.98115"
43333,Lewistown,OH,40.436172,-83.92528,-5,1,"40.436172, -83.92528"
45490,Dayton,OH,39.750471,-84.268593,-5,1,"39.750471, -84.268593"
43913,Brilliant,OH,40.26212,-80.6356,-5,1,"40.26212, -80.6356"
45777,Sharpsburg,OH,39.368235,-82.010132,-5,1,"39.368235, -82.010132"
45787,Watertown,OH,39.430738,-81.44512,-5,1,"39.430738, -81.44512"
44001,Amherst,OH,41.386533,-82.23419,-5,1,"41.386533, -82.23419"
45629,Franklin Furnace,OH,38.653909,-82.82535,-5,1,"38.653909, -82.82535"
45719,Chauncey,OH,39.4001,-82.12856,-5,1,"39.4001, -82.12856"
43078,Urbana,OH,40.112531,-83.76633,-5,1,"40.112531, -83.76633"
43226,Columbus,OH,39.969036,-83.011389,-5,1,"39.969036, -83.011389"
43433,Gypsum,OH,41.503759,-82.87084,-5,1,"41.503759, -82.87084"
43549,Ney,OH,41.380047,-84.51313,-5,1,"41.380047, -84.51313"
45646,Latham,OH,39.086218,-83.31764,-5,1,"39.086218, -83.31764"
45884,Saint Johns,OH,40.520289,-84.16797,-5,1,"40.520289, -84.16797"
43060,North Lewisburg,OH,40.223286,-83.56172,-5,1,"40.223286, -83.56172"
44627,Fredericksburg,OH,40.671036,-81.84927,-5,1,"40.671036, -81.84927"
45033,Hooven,OH,39.177002,-84.76337,-5,1,"39.177002, -84.76337"
44021,Burton,OH,41.442863,-81.14404,-5,1,"41.442863, -81.14404"
45628,Frankfort,OH,39.390231,-83.19363,-5,1,"39.390231, -83.19363"
43199,Groveport,OH,39.969036,-83.011389,-5,1,"39.969036, -83.011389"
45205,Cincinnati,OH,39.11071,-84.57438,-5,1,"39.11071, -84.57438"
45864,Miller City,OH,41.103776,-84.131541,-5,1,"41.103776, -84.131541"
44645,Marshallville,OH,40.909535,-81.71764,-5,1,"40.909535, -81.71764"
45034,Kings Mills,OH,39.359268,-84.24898,-5,1,"39.359268, -84.24898"
45896,Waynesfield,OH,40.593532,-83.94417,-5,1,"40.593532, -83.94417"
44609,Beloit,OH,40.898618,-80.99304,-5,1,"40.898618, -80.99304"
43400,Danbury,OH,41.532003,-82.797419,-5,1,"41.532003, -82.797419"
43971,Yorkville,OH,40.152615,-80.70789,-5,1,"40.152615, -80.70789"
44512,Youngstown,OH,41.032675,-80.66467,-5,1,"41.032675, -80.66467"
43073,Summit Station,OH,39.996516,-82.754034,-5,1,"39.996516, -82.754034"
44630,Greentown,OH,40.929507,-81.400134,-5,1,"40.929507, -81.400134"
44697,Zoar,OH,40.612253,-81.42168,-5,1,"40.612253, -81.42168"
45235,Cincinnati,OH,39.166759,-84.53822,-5,1,"39.166759, -84.53822"
45885,Saint Marys,OH,40.550005,-84.39308,-5,1,"40.550005, -84.39308"
43941,Piney Fork,OH,40.263948,-80.835767,-5,1,"40.263948, -80.835767"
45873,Oakwood,OH,41.107804,-84.39098,-5,1,"41.107804, -84.39098"
43093,Newark,OH,40.095148,-82.482659,-5,1,"40.095148, -82.482659"
43223,Columbus,OH,39.935263,-83.04558,-5,1,"39.935263, -83.04558"
44889,Wakeman,OH,41.24323,-82.38848,-5,1,"41.24323, -82.38848"
45067,Trenton,OH,39.482307,-84.46429,-5,1,"39.482307, -84.46429"
45122,Goshen,OH,39.222264,-84.11831,-5,1,"39.222264, -84.11831"
44816,Birmingham,OH,41.331398,-82.35278,-5,1,"41.331398, -82.35278"
44825,Chatfield,OH,40.952927,-82.94232,-5,1,"40.952927, -82.94232"
45258,Cincinnati,OH,39.166759,-84.53822,-5,1,"39.166759, -84.53822"
45415,Dayton,OH,39.837256,-84.26016,-5,1,"39.837256, -84.26016"
43146,Orient,OH,39.786202,-83.1469,-5,1,"39.786202, -83.1469"
43516,Deshler,OH,41.211032,-83.89827,-5,1,"41.211032, -83.89827"
43524,Hamler,OH,41.229001,-84.03567,-5,1,"41.229001, -84.03567"
43606,Toledo,OH,41.671761,-83.6064,-5,1,"41.671761, -83.6064"
43612,Toledo,OH,41.706048,-83.5577,-5,1,"41.706048, -83.5577"
44010,Austinburg,OH,41.758952,-80.86289,-5,1,"41.758952, -80.86289"
44230,Doylestown,OH,40.964111,-81.68961,-5,1,"40.964111, -81.68961"
43620,Toledo,OH,41.665849,-83.55218,-5,1,"41.665849, -83.55218"
44663,New Philadelphia,OH,40.477187,-81.44439,-5,1,"40.477187, -81.44439"
43213,Columbus,OH,39.966814,-82.87413,-5,1,"39.966814, -82.87413"
44692,Tuscarawas,OH,40.398664,-81.40088,-5,1,"40.398664, -81.40088"
45875,Ottawa,OH,41.020852,-84.04649,-5,1,"41.020852, -84.04649"
43556,Sherwood,OH,41.298409,-84.55885,-5,1,"41.298409, -84.55885"
44216,Clinton,OH,40.936655,-81.5981,-5,1,"40.936655, -81.5981"
43540,Metamora,OH,41.702622,-83.93725,-5,1,"41.702622, -83.93725"
44124,Cleveland,OH,41.513752,-81.47281,-5,1,"41.513752, -81.47281"
43142,Milledgeville,OH,39.593121,-83.5876,-5,1,"39.593121, -83.5876"
44072,Novelty,OH,41.478469,-81.33635,-5,1,"41.478469, -81.33635"
45363,Russia,OH,40.233304,-84.40459,-5,1,"40.233304, -84.40459"
45506,Springfield,OH,39.910109,-83.83243,-5,1,"39.910109, -83.83243"
45673,Richmond Dale,OH,39.204151,-82.81378,-5,1,"39.204151, -82.81378"
43458,Rocky Ridge,OH,41.532215,-83.21026,-5,1,"41.532215, -83.21026"
44109,Cleveland,OH,41.448951,-81.70342,-5,1,"41.448951, -81.70342"
44142,Brookpark,OH,41.40035,-81.82055,-5,1,"41.40035, -81.82055"
45373,Troy,OH,40.036525,-84.20629,-5,1,"40.036525, -84.20629"
45172,Sinking Spring,OH,39.074266,-83.38713,-5,1,"39.074266, -83.38713"
43843,Walhonding,OH,40.3479,-82.17789,-5,1,"40.3479, -82.17789"
43047,Mingo,OH,40.204914,-83.646581,-5,1,"40.204914, -83.646581"
45819,Buckland,OH,40.623695,-84.26087,-5,1,"40.623695, -84.26087"
45659,Pedro,OH,38.67484,-82.61865,-5,1,"38.67484, -82.61865"
44281,Wadsworth,OH,41.037664,-81.73368,-5,1,"41.037664, -81.73368"
44325,Akron,OH,41.076425,-81.51026,-5,1,"41.076425, -81.51026"
43517,Edgerton,OH,41.441679,-84.73356,-5,1,"41.441679, -84.73356"
45683,Stockdale,OH,38.955485,-82.858402,-5,1,"38.955485, -82.858402"
44243,Kent,OH,41.146862,-81.3388,-5,1,"41.146862, -81.3388"
44648,Massillon,OH,40.811809,-81.368284,-5,1,"40.811809, -81.368284"
45771,Racine,OH,38.978044,-81.91206,-5,1,"38.978044, -81.91206"
45612,Bainbridge,OH,39.228796,-83.28641,-5,1,"39.228796, -83.28641"
45812,Alger,OH,40.696862,-83.8231,-5,1,"40.696862, -83.8231"
43939,Mount Pleasant,OH,40.176109,-80.79979,-5,1,"40.176109, -80.79979"
44254,Lodi,OH,41.039394,-82.0137,-5,1,"41.039394, -82.0137"
44451,North Jackson,OH,41.090089,-80.86736,-5,1,"41.090089, -80.86736"
44510,Youngstown,OH,41.120507,-80.66811,-5,1,"41.120507, -80.66811"
44709,Canton,OH,40.836508,-81.38548,-5,1,"40.836508, -81.38548"
44428,Kinsman,OH,41.443358,-80.58862,-5,1,"41.443358, -80.58862"
43420,Fremont,OH,41.35307,-83.11217,-5,1,"41.35307, -83.11217"
43910,Bloomingdale,OH,40.361891,-80.81953,-5,1,"40.361891, -80.81953"
43532,Liberty Center,OH,41.450082,-83.97563,-5,1,"41.450082, -83.97563"
43728,Chesterhill,OH,39.484626,-81.89613,-5,1,"39.484626, -81.89613"
43783,Somerset,OH,39.801679,-82.29166,-5,1,"39.801679, -82.29166"
44704,Canton,OH,40.799358,-81.3564,-5,1,"40.799358, -81.3564"
45211,Cincinnati,OH,39.154159,-84.60527,-5,1,"39.154159, -84.60527"
45697,Winchester,OH,38.939364,-83.67195,-5,1,"38.939364, -83.67195"
43125,Groveport,OH,39.852363,-82.89589,-5,1,"39.852363, -82.89589"
43570,West Unity,OH,41.586794,-84.43574,-5,1,"41.586794, -84.43574"
44443,New Springfield,OH,40.917556,-80.60039,-5,1,"40.917556, -80.60039"
44505,Youngstown,OH,41.122524,-80.62043,-5,1,"41.122524, -80.62043"
44691,Wooster,OH,40.800086,-81.95726,-5,1,"40.800086, -81.95726"
45869,New Bremen,OH,40.452556,-84.38731,-5,1,"40.452556, -84.38731"
45346,New Madison,OH,39.971929,-84.70471,-5,1,"39.971929, -84.70471"
45686,Vinton,OH,38.99754,-82.36215,-5,1,"38.99754, -82.36215"
43013,Croton,OH,40.235446,-82.69054,-5,1,"40.235446, -82.69054"
43533,Lyons,OH,41.696808,-84.07558,-5,1,"41.696808, -84.07558"
43604,Toledo,OH,41.658109,-83.52774,-5,1,"41.658109, -83.52774"
45692,Wellston,OH,39.117212,-82.54811,-5,1,"39.117212, -82.54811"
44132,Euclid,OH,41.608298,-81.50041,-5,1,"41.608298, -81.50041"
44714,Canton,OH,40.827659,-81.36029,-5,1,"40.827659, -81.36029"
45387,Yellow Springs,OH,39.797227,-83.89239,-5,1,"39.797227, -83.89239"
43616,Oregon,OH,41.646398,-83.46933,-5,1,"41.646398, -83.46933"
43065,Powell,OH,40.155515,-83.08415,-5,1,"40.155515, -83.08415"
45716,Buchtel,OH,39.462005,-82.18021,-5,1,"39.462005, -82.18021"
43204,Columbus,OH,39.958496,-83.08231,-5,1,"39.958496, -83.08231"
44061,Mentor,OH,41.910676,-81.249027,-5,1,"41.910676, -81.249027"
45066,Springboro,OH,39.557096,-84.22688,-5,1,"39.557096, -84.22688"
44811,Bellevue,OH,41.257163,-82.84296,-5,1,"41.257163, -82.84296"
45881,Rawson,OH,40.954985,-83.78216,-5,1,"40.954985, -83.78216"
43766,New Straitsville,OH,39.588854,-82.25279,-5,1,"39.588854, -82.25279"
44141,Brecksville,OH,41.307688,-81.61835,-5,1,"41.307688, -81.61835"
44487,Warren,OH,41.317424,-80.761269,-5,1,"41.317424, -80.761269"
44682,Tuscarawas,OH,40.397916,-81.40527,-5,1,"40.397916, -81.40527"
45863,Middle Point,OH,40.892251,-84.45548,-5,1,"40.892251, -84.45548"
44824,Castalia,OH,41.393507,-82.80569,-5,1,"41.393507, -82.80569"
43135,Laurelville,OH,39.473379,-82.71076,-5,1,"39.473379, -82.71076"
43452,Port Clinton,OH,41.512855,-82.92948,-5,1,"41.512855, -82.92948"
45361,Potsdam,OH,39.963492,-84.414484,-5,1,"39.963492, -84.414484"
45073,Monroe,OH,39.440956,-84.575746,-5,1,"39.440956, -84.575746"
43355,Ridgeville,OH,41.438281,-84.254241,-5,1,"41.438281, -84.254241"
43972,Bannock,OH,40.099277,-80.97601,-5,1,"40.099277, -80.97601"
45662,Portsmouth,OH,38.762824,-82.94294,-5,1,"38.762824, -82.94294"
45404,Dayton,OH,39.783258,-84.16342,-5,1,"39.783258, -84.16342"
45720,Chester,OH,39.085629,-81.921443,-5,1,"39.085629, -81.921443"
44662,Navarre,OH,40.722891,-81.54071,-5,1,"40.722891, -81.54071"
44085,Rome,OH,41.6128,-80.83579,-5,1,"41.6128, -80.83579"
44626,East Sparta,OH,40.695377,-81.38102,-5,1,"40.695377, -81.38102"
45890,Vanlue,OH,40.973064,-83.48845,-5,1,"40.973064, -83.48845"
45119,Feesburg,OH,38.880632,-84.00874,-5,1,"38.880632, -84.00874"
44287,West Salem,OH,40.957955,-82.12114,-5,1,"40.957955, -82.12114"
45699,Lucasville,OH,38.793335,-82.96046,-5,1,"38.793335, -82.96046"
45723,Coolville,OH,39.22241,-81.81945,-5,1,"39.22241, -81.81945"
45214,Cincinnati,OH,39.12056,-84.53575,-5,1,"39.12056, -84.53575"
43164,Williamsport,OH,39.590417,-83.11298,-5,1,"39.590417, -83.11298"
43989,Short Creek,OH,40.29649,-81.102502,-5,1,"40.29649, -81.102502"
44092,Wickliffe,OH,41.603581,-81.47087,-5,1,"41.603581, -81.47087"
45228,Cincinnati,OH,39.070561,-84.417891,-5,1,"39.070561, -84.417891"
45331,Greenville,OH,40.094141,-84.63574,-5,1,"40.094141, -84.63574"
45638,Ironton,OH,38.535109,-82.6737,-5,1,"38.535109, -82.6737"
44861,Old Fort,OH,41.240649,-83.15,-5,1,"41.240649, -83.15"
44828,Flat Rock,OH,41.234403,-82.86059,-5,1,"41.234403, -82.86059"
43788,Summerfield,OH,39.799978,-81.33548,-5,1,"39.799978, -81.33548"
44638,Lakeville,OH,40.657511,-82.13584,-5,1,"40.657511, -82.13584"
45695,Wilkesville,OH,39.137773,-82.36543,-5,1,"39.137773, -82.36543"
45944,Cincinnati,OH,39.166759,-84.53822,-5,1,"39.166759, -84.53822"
44145,Westlake,OH,41.454439,-81.92865,-5,1,"41.454439, -81.92865"
43754,Lewisville,OH,39.76607,-81.24357,-5,1,"39.76607, -81.24357"
45413,Dayton,OH,39.750471,-84.268593,-5,1,"39.750471, -84.268593"
44178,Cleveland,OH,41.685744,-81.672797,-5,1,"41.685744, -81.672797"
45778,Stewart,OH,39.341224,-81.88561,-5,1,"39.341224, -81.88561"
43656,Toledo,OH,41.678167,-83.497155,-5,1,"41.678167, -83.497155"
43085,Columbus,OH,40.097796,-83.02076,-5,1,"40.097796, -83.02076"
43778,Salesville,OH,39.995987,-81.36641,-5,1,"39.995987, -81.36641"
44634,Homeworth,OH,40.832092,-81.0573,-5,1,"40.832092, -81.0573"
45417,Dayton,OH,39.753108,-84.24715,-5,1,"39.753108, -84.24715"
43722,Buffalo,OH,39.917012,-81.51947,-5,1,"39.917012, -81.51947"
44760,Canton,OH,40.853958,-81.42778,-5,1,"40.853958, -81.42778"
43535,Malinta,OH,41.315943,-84.03021,-5,1,"41.315943, -84.03021"
45724,Cutler,OH,39.363901,-81.78854,-5,1,"39.363901, -81.78854"
44833,Galion,OH,40.720869,-82.797,-5,1,"40.720869, -82.797"
43156,Tarlton,OH,39.554697,-82.77917,-5,1,"39.554697, -82.77917"
43928,Glencoe,OH,40.008421,-80.88913,-5,1,"40.008421, -80.88913"
44611,Big Prairie,OH,40.635332,-82.08743,-5,1,"40.635332, -82.08743"
44887,Tiro,OH,40.90261,-82.78885,-5,1,"40.90261, -82.78885"
45217,Cincinnati,OH,39.166948,-84.49514,-5,1,"39.166948, -84.49514"
44272,Rootstown,OH,41.09464,-81.19784,-5,1,"41.09464, -81.19784"
45309,Brookville,OH,39.844538,-84.41774,-5,1,"39.844538, -84.41774"
43206,Columbus,OH,39.944564,-82.98085,-5,1,"39.944564, -82.98085"
43307,Marion,OH,40.56941,-83.139341,-5,1,"40.56941, -83.139341"
43932,Irondale,OH,40.561512,-80.71859,-5,1,"40.561512, -80.71859"
44460,Salem,OH,40.898658,-80.86094,-5,1,"40.898658, -80.86094"
45339,Ludlow Falls,OH,40.008648,-84.34143,-5,1,"40.008648, -84.34143"
44672,Sebring,OH,40.922608,-81.02632,-5,1,"40.922608, -81.02632"
44114,Cleveland,OH,41.50988,-81.6753,-5,1,"41.50988, -81.6753"
44210,Bath,OH,41.128705,-81.53999,-5,1,"41.128705, -81.53999"
45866,Montezuma,OH,40.488771,-84.54783,-5,1,"40.488771, -84.54783"
45877,Pandora,OH,40.945888,-83.9514,-5,1,"40.945888, -83.9514"
43381,Stokes,OH,40.498069,-83.921517,-5,1,"40.498069, -83.921517"
44044,Grafton,OH,41.275919,-82.05315,-5,1,"41.275919, -82.05315"
44654,Millersburg,OH,40.542339,-81.87856,-5,1,"40.542339, -81.87856"
45780,The Plains,OH,39.370636,-82.13406,-5,1,"39.370636, -82.13406"
43056,Heath,OH,40.017096,-82.34322,-5,1,"40.017096, -82.34322"
45899,Wren,OH,40.799531,-84.77422,-5,1,"40.799531, -84.77422"
45344,New Carlisle,OH,39.939925,-84.01992,-5,1,"39.939925, -84.01992"
45296,Cincinnati,OH,39.166759,-84.53822,-5,1,"39.166759, -84.53822"
43515,Delta,OH,41.585627,-84.00778,-5,1,"41.585627, -84.00778"
43934,Lansing,OH,40.076176,-80.78926,-5,1,"40.076176, -80.78926"
44813,Bellville,OH,40.606221,-82.52073,-5,1,"40.606221, -82.52073"
43902,Alledonia,OH,39.890564,-80.9766,-5,1,"39.890564, -80.9766"
45372,Tremont City,OH,40.013871,-83.83325,-5,1,"40.013871, -83.83325"
43155,Sugar Grove,OH,39.630003,-82.51459,-5,1,"39.630003, -82.51459"
44410,Cortland,OH,41.333312,-80.7264,-5,1,"41.333312, -80.7264"
44095,Eastlake,OH,41.653796,-81.44614,-5,1,"41.653796, -81.44614"
44707,Canton,OH,40.784158,-81.36566,-5,1,"40.784158, -81.36566"
44094,Willoughby,OH,41.625886,-81.39929,-5,1,"41.625886, -81.39929"
45856,Leipsic,OH,41.112413,-83.99136,-5,1,"41.112413, -83.99136"
43402,Bowling Green,OH,41.388519,-83.65795,-5,1,"41.388519, -83.65795"
43086,Westerville,OH,39.969036,-83.011389,-5,1,"39.969036, -83.011389"
43761,Moxahala,OH,39.740299,-82.248369,-5,1,"39.740299, -82.248369"
44636,Kidron,OH,40.738387,-81.742811,-5,1,"40.738387, -81.742811"
45123,Greenfield,OH,39.343559,-83.39748,-5,1,"39.343559, -83.39748"
44147,Broadview Heights,OH,41.321827,-81.67659,-5,1,"41.321827, -81.67659"
44838,Hayesville,OH,40.773052,-82.26175,-5,1,"40.773052, -82.26175"
45004,Collinsville,OH,39.440956,-84.575746,-5,1,"39.440956, -84.575746"
44843,Lucas,OH,40.701792,-82.41177,-5,1,"40.701792, -82.41177"
45352,Palestine,OH,40.050308,-84.74442,-5,1,"40.050308, -84.74442"
45633,Hallsville,OH,39.46557,-82.747853,-5,1,"39.46557, -82.747853"
45644,Kingston,OH,39.459353,-82.87777,-5,1,"39.459353, -82.87777"
45323,Enon,OH,39.867259,-83.93512,-5,1,"39.867259, -83.93512"
43968,Wellsville,OH,40.621521,-80.66843,-5,1,"40.621521, -80.66843"
43158,Union Furnace,OH,39.460218,-82.3572,-5,1,"39.460218, -82.3572"
45677,Scioto Furnace,OH,38.794115,-82.755455,-5,1,"38.794115, -82.755455"
45821,Cecil,OH,41.230816,-84.57771,-5,1,"41.230816, -84.57771"
45831,Continental,OH,41.103903,-84.25371,-5,1,"41.103903, -84.25371"
45165,Greenfield,OH,39.198813,-83.607858,-5,1,"39.198813, -83.607858"
45865,Minster,OH,40.391924,-84.37211,-5,1,"40.391924, -84.37211"
43803,Bakersville,OH,40.357237,-81.643638,-5,1,"40.357237, -81.643638"
43832,Newcomerstown,OH,40.277376,-81.59662,-5,1,"40.277376, -81.59662"
44143,Cleveland,OH,41.550318,-81.48175,-5,1,"41.550318, -81.48175"
44231,Garrettsville,OH,41.295898,-81.08057,-5,1,"41.295898, -81.08057"
45887,Spencerville,OH,40.711394,-84.35509,-5,1,"40.711394, -84.35509"
44730,Canton,OH,40.769763,-81.2707,-5,1,"40.769763, -81.2707"
43130,Lancaster,OH,39.712887,-82.61216,-5,1,"39.712887, -82.61216"
43338,Mount Gilead,OH,40.555366,-82.77273,-5,1,"40.555366, -82.77273"
45112,Chilo,OH,38.792686,-84.1386,-5,1,"38.792686, -84.1386"
45475,Dayton,OH,39.750471,-84.268593,-5,1,"39.750471, -84.268593"
43321,Fulton,OH,40.46242,-82.82831,-5,1,"40.46242, -82.82831"
43163,West Rushville,OH,39.7631,-82.447024,-5,1,"39.7631, -82.447024"
43779,Sarahsville,OH,39.803205,-81.43368,-5,1,"39.803205, -81.43368"
44017,Berea,OH,41.36995,-81.86259,-5,1,"41.36995, -81.86259"
44441,Negley,OH,40.776151,-80.54967,-5,1,"40.776151, -80.54967"
45023,Hamilton,OH,39.440956,-84.575746,-5,1,"39.440956, -84.575746"
45052,North Bend,OH,39.155158,-84.77789,-5,1,"39.155158, -84.77789"
45623,Crown City,OH,38.630633,-82.2697,-5,1,"38.630633, -82.2697"
45779,Syracuse,OH,38.999757,-81.97282,-5,1,"38.999757, -81.97282"
43511,Custar,OH,41.26256,-83.82917,-5,1,"41.26256, -83.82917"
43548,New Bavaria,OH,41.190188,-84.17549,-5,1,"41.190188, -84.17549"
43557,Stryker,OH,41.491112,-84.40709,-5,1,"41.491112, -84.40709"
44276,Sterling,OH,40.951253,-81.82651,-5,1,"40.951253, -81.82651"
45894,Venedocia,OH,40.755619,-84.48041,-5,1,"40.755619, -84.48041"
44133,North Royalton,OH,41.313758,-81.74204,-5,1,"41.313758, -81.74204"
43845,West Lafayette,OH,40.268019,-81.74213,-5,1,"40.268019, -81.74213"
44067,Northfield,OH,41.319704,-81.54119,-5,1,"41.319704, -81.54119"
43780,Senecaville,OH,39.930047,-81.44256,-5,1,"39.930047, -81.44256"
44711,Canton,OH,40.811809,-81.368284,-5,1,"40.811809, -81.368284"
45236,Cincinnati,OH,39.205109,-84.39512,-5,1,"39.205109, -84.39512"
43064,Plain City,OH,40.103133,-83.26825,-5,1,"40.103133, -83.26825"
43618,Oregon,OH,41.676897,-83.39972,-5,1,"41.676897, -83.39972"
45345,New Lebanon,OH,39.743766,-84.39256,-5,1,"39.743766, -84.39256"
43416,Elmore,OH,41.477061,-83.28361,-5,1,"41.477061, -83.28361"
45360,Port Jefferson,OH,40.330423,-84.09097,-5,1,"40.330423, -84.09097"
44005,Ashtabula,OH,41.730146,-80.955313,-5,1,"41.730146, -80.955313"
44326,Akron,OH,41.172713,-81.472701,-5,1,"41.172713, -81.472701"
45147,Miamiville,OH,39.213739,-84.300232,-5,1,"39.213739, -84.300232"
43983,Piedmont,OH,40.147075,-81.20232,-5,1,"40.147075, -81.20232"
44676,Shreve,OH,40.687973,-82.02563,-5,1,"40.687973, -82.02563"
45215,Cincinnati,OH,39.228859,-84.45707,-5,1,"39.228859, -84.45707"
44004,Ashtabula,OH,41.871212,-80.79178,-5,1,"41.871212, -80.79178"
44028,Columbia Station,OH,41.316001,-81.93433,-5,1,"41.316001, -81.93433"
45337,Laura,OH,39.981075,-84.42201,-5,1,"39.981075, -84.42201"
44090,Wellington,OH,41.147116,-82.24031,-5,1,"41.147116, -82.24031"
44801,Adrian,OH,41.090712,-83.365404,-5,1,"41.090712, -83.365404"
44039,North Ridgeville,OH,41.389546,-82.0046,-5,1,"41.389546, -82.0046"
44687,Walnut Creek,OH,40.551575,-81.728416,-5,1,"40.551575, -81.728416"
45807,Lima,OH,40.7953,-84.16573,-5,1,"40.7953, -84.16573"
43102,Amanda,OH,39.651028,-82.76098,-5,1,"39.651028, -82.76098"
43314,Caledonia,OH,40.642604,-82.96158,-5,1,"40.642604, -82.96158"
44506,Youngstown,OH,41.095658,-80.62652,-5,1,"41.095658, -80.62652"
44555,Youngstown,OH,41.103858,-80.643646,-5,1,"41.103858, -80.643646"
45275,Cincinnati,OH,38.946921,-83.862877,-5,1,"38.946921, -83.862877"
45384,Wilberforce,OH,39.712772,-83.88014,-5,1,"39.712772, -83.88014"
44012,Avon Lake,OH,41.501595,-82.0063,-5,1,"41.501595, -82.0063"
44099,Windsor,OH,41.539985,-80.96688,-5,1,"41.539985, -80.96688"
45158,Newtonsville,OH,39.18779,-84.078313,-5,1,"39.18779, -84.078313"
45406,Dayton,OH,39.784108,-84.23841,-5,1,"39.784108, -84.23841"
45428,Dayton,OH,39.746656,-84.259292,-5,1,"39.746656, -84.259292"
45802,Lima,OH,40.781785,-84.138566,-5,1,"40.781785, -84.138566"
43970,Wolf Run,OH,40.46947,-80.889206,-5,1,"40.46947, -80.889206"
44194,Cleveland,OH,41.685744,-81.672797,-5,1,"41.685744, -81.672797"
45329,Gordon,OH,40.135426,-84.619129,-5,1,"40.135426, -84.619129"
43021,Galena,OH,40.202298,-82.89437,-5,1,"40.202298, -82.89437"
43410,Clyde,OH,41.304387,-82.96925,-5,1,"41.304387, -82.96925"
43704,Columbus,OH,39.991729,-83.082262,-5,1,"39.991729, -83.082262"
43720,Blue Rock,OH,39.806956,-81.88179,-5,1,"39.806956, -81.88179"
44224,Stow,OH,41.174256,-81.43744,-5,1,"41.174256, -81.43744"
44657,Minerva,OH,40.733459,-81.09148,-5,1,"40.733459, -81.09148"
45343,Miamisburg,OH,39.750471,-84.268593,-5,1,"39.750471, -84.268593"
44418,Fowler,OH,41.304391,-80.60358,-5,1,"41.304391, -80.60358"
45660,Peebles,OH,38.987596,-83.37752,-5,1,"38.987596, -83.37752"
45208,Cincinnati,OH,39.13786,-84.43426,-5,1,"39.13786, -84.43426"
45505,Springfield,OH,39.91086,-83.78579,-5,1,"39.91086, -83.78579"
43228,Columbus,OH,39.954363,-83.123,-5,1,"39.954363, -83.123"
43566,Waterville,OH,41.501902,-83.73685,-5,1,"41.501902, -83.73685"
45115,Decatur,OH,38.815056,-83.7039,-5,1,"38.815056, -83.7039"
45223,Cincinnati,OH,39.161859,-84.54259,-5,1,"39.161859, -84.54259"
44032,Dorset,OH,41.676362,-80.6686,-5,1,"41.676362, -80.6686"
45216,Cincinnati,OH,39.197109,-84.47991,-5,1,"39.197109, -84.47991"
44217,Creston,OH,40.976892,-81.90624,-5,1,"40.976892, -81.90624"
43201,Columbus,OH,39.990764,-83.00117,-5,1,"39.990764, -83.00117"
43521,Fayette,OH,41.66143,-84.29732,-5,1,"41.66143, -84.29732"
44436,Lowellville,OH,41.046606,-80.54145,-5,1,"41.046606, -80.54145"
44804,Arcadia,OH,41.117339,-83.52652,-5,1,"41.117339, -83.52652"
45240,Cincinnati,OH,39.284806,-84.52941,-5,1,"39.284806, -84.52941"
45654,New Plymouth,OH,39.376504,-82.39503,-5,1,"39.376504, -82.39503"
44689,Wilmot,OH,40.655909,-81.63929,-5,1,"40.655909, -81.63929"
43027,Homer,OH,40.132821,-82.561556,-5,1,"40.132821, -82.561556"
43068,Reynoldsburg,OH,39.956384,-82.7961,-5,1,"39.956384, -82.7961"
45010,Catawba,OH,39.999367,-83.619892,-5,1,"39.999367, -83.619892"
43732,Cumberland,OH,39.85261,-81.64922,-5,1,"39.85261, -81.64922"
43031,Johnstown,OH,40.151979,-82.66944,-5,1,"40.151979, -82.66944"
43316,Carey,OH,40.954293,-83.38068,-5,1,"40.954293, -83.38068"
43725,Cambridge,OH,40.025859,-81.59243,-5,1,"40.025859, -81.59243"
45341,Medway,OH,39.880826,-84.02364,-5,1,"39.880826, -84.02364"
45651,McArthur,OH,39.267049,-82.46415,-5,1,"39.267049, -82.46415"
45133,Hillsboro,OH,39.162917,-83.5802,-5,1,"39.162917, -83.5802"
45356,Piqua,OH,40.156514,-84.24213,-5,1,"40.156514, -84.24213"
44077,Painesville,OH,41.716094,-81.2396,-5,1,"41.716094, -81.2396"
44240,Kent,OH,41.148756,-81.35302,-5,1,"41.148756, -81.35302"
44705,Canton,OH,40.821858,-81.34253,-5,1,"40.821858, -81.34253"
43214,Columbus,OH,40.053063,-83.01881,-5,1,"40.053063, -83.01881"
43607,Toledo,OH,41.65,-83.59783,-5,1,"41.65, -83.59783"
43323,Harpster,OH,40.730593,-83.24454,-5,1,"40.730593, -83.24454"
44146,Bedford,OH,41.389371,-81.52709,-5,1,"41.389371, -81.52709"
44309,Akron,OH,41.096205,-81.512338,-5,1,"41.096205, -81.512338"
45001,Addyston,OH,39.137818,-84.7079,-5,1,"39.137818, -84.7079"
45169,Sabina,OH,39.507106,-83.6505,-5,1,"39.507106, -83.6505"
43080,Utica,OH,40.242377,-82.42775,-5,1,"40.242377, -82.42775"
45107,Blanchester,OH,39.293634,-83.97584,-5,1,"39.293634, -83.97584"
44452,North Lima,OH,40.951859,-80.6549,-5,1,"40.951859, -80.6549"
45148,Midland,OH,39.290475,-83.88767,-5,1,"39.290475, -83.88767"
43157,Thurston,OH,39.843864,-82.54555,-5,1,"39.843864, -82.54555"
43912,Bridgeport,OH,40.074284,-80.77447,-5,1,"40.074284, -80.77447"
43550,Okolona,OH,41.326664,-84.111701,-5,1,"41.326664, -84.111701"
45871,New Knoxville,OH,40.491725,-84.31129,-5,1,"40.491725, -84.31129"
43768,Old Washington,OH,40.038503,-81.44232,-5,1,"40.038503, -81.44232"
45481,Dayton,OH,39.750471,-84.268593,-5,1,"39.750471, -84.268593"
45071,West Chester,OH,39.440956,-84.575746,-5,1,"39.440956, -84.575746"
45321,Eldorado,OH,39.888717,-84.67216,-5,1,"39.888717, -84.67216"
44273,Seville,OH,41.022387,-81.8775,-5,1,"41.022387, -81.8775"
45101,Aberdeen,OH,38.671655,-83.75693,-5,1,"38.671655, -83.75693"
43210,Columbus,OH,40.003681,-83.02148,-5,1,"40.003681, -83.02148"
44445,New Waterford,OH,40.842848,-80.61956,-5,1,"40.842848, -80.61956"
44628,Glenmont,OH,40.527648,-82.14312,-5,1,"40.527648, -82.14312"
45643,Kerr,OH,38.86833,-82.256185,-5,1,"38.86833, -82.256185"
44307,Akron,OH,41.069605,-81.54591,-5,1,"41.069605, -81.54591"
45868,Mount Cory,OH,40.958861,-83.8356,-5,1,"40.958861, -83.8356"
43804,Baltic,OH,40.449531,-81.72309,-5,1,"40.449531, -81.72309"
43981,New Athens,OH,40.184401,-80.99519,-5,1,"40.184401, -80.99519"
43077,Unionville Center,OH,40.136336,-83.3415,-5,1,"40.136336, -83.3415"
44212,Brunswick,OH,41.244051,-81.82836,-5,1,"41.244051, -81.82836"
44735,Canton,OH,40.811809,-81.368284,-5,1,"40.811809, -81.368284"
43501,Alvordton,OH,41.673094,-84.44711,-5,1,"41.673094, -84.44711"
43614,Toledo,OH,41.60135,-83.62611,-5,1,"41.60135, -83.62611"
43909,Blaine,OH,40.067767,-80.81836,-5,1,"40.067767, -80.81836"
44282,Wadsworth,OH,41.132725,-81.929185,-5,1,"41.132725, -81.929185"
45479,Dayton,OH,39.734409,-84.194389,-5,1,"39.734409, -84.194389"
45160,Owensville,OH,39.121637,-84.13927,-5,1,"39.121637, -84.13927"
45889,Van Buren,OH,41.14062,-83.64464,-5,1,"41.14062, -83.64464"
43219,Columbus,OH,40.002514,-82.92589,-5,1,"40.002514, -82.92589"
43451,Portage,OH,41.318285,-83.62835,-5,1,"41.318285, -83.62835"
44280,Valley City,OH,41.230745,-81.92477,-5,1,"41.230745, -81.92477"
45202,Cincinnati,OH,39.10441,-84.50774,-5,1,"39.10441, -84.50774"
44702,Canton,OH,40.798859,-81.37499,-5,1,"40.798859, -81.37499"
44316,Akron,OH,41.067506,-81.484686,-5,1,"41.067506, -81.484686"
44620,Dellroy,OH,40.571372,-81.21163,-5,1,"40.571372, -81.21163"
45157,New Richmond,OH,38.957385,-84.24755,-5,1,"38.957385, -84.24755"
45320,Eaton,OH,39.739353,-84.65393,-5,1,"39.739353, -84.65393"
45653,Minford,OH,38.877777,-82.84096,-5,1,"38.877777, -82.84096"
45201,Cincinnati,OH,39.166759,-84.53822,-5,1,"39.166759, -84.53822"
43844,Warsaw,OH,40.33503,-82.04314,-5,1,"40.33503, -82.04314"
44905,Mansfield,OH,40.773556,-82.47612,-5,1,"40.773556, -82.47612"
45427,Dayton,OH,39.755758,-84.27867,-5,1,"39.755758, -84.27867"
45688,Waterloo,OH,38.734463,-82.52163,-5,1,"38.734463, -82.52163"
45342,Miamisburg,OH,39.631525,-84.27074,-5,1,"39.631525, -84.27074"
45784,Vincent,OH,39.389346,-81.68122,-5,1,"39.389346, -81.68122"
45735,Guysville,OH,39.262298,-81.92977,-5,1,"39.262298, -81.92977"
43040,Marysville,OH,40.255973,-83.36391,-5,1,"40.255973, -83.36391"
43734,Duncan Falls,OH,39.876997,-81.90909,-5,1,"39.876997, -81.90909"
43746,Hopewell,OH,39.966135,-82.18376,-5,1,"39.966135, -82.18376"
44849,Nevada,OH,40.815261,-83.13144,-5,1,"40.815261, -83.13144"
45870,New Hampshire,OH,40.555807,-83.95347,-5,1,"40.555807, -83.95347"
45000,North Bend,OH,39.147991,-84.739682,-5,1,"39.147991, -84.739682"
45106,Bethel,OH,38.956484,-84.08093,-5,1,"38.956484, -84.08093"
45854,Lafayette,OH,40.758211,-83.949934,-5,1,"40.758211, -83.949934"
43351,Upper Sandusky,OH,40.82732,-83.29921,-5,1,"40.82732, -83.29921"
43123,Grove City,OH,39.88628,-83.07989,-5,1,"39.88628, -83.07989"
45065,South Lebanon,OH,39.371242,-84.21132,-5,1,"39.371242, -84.21132"
43946,Sardis,OH,39.646462,-80.96151,-5,1,"39.646462, -80.96151"
45616,Blue Creek,OH,38.789223,-83.3192,-5,1,"38.789223, -83.3192"
43107,Bremen,OH,39.703126,-82.41937,-5,1,"39.703126, -82.41937"
43341,New Bloomington,OH,40.587559,-83.31254,-5,1,"40.587559, -83.31254"
43439,Lacarne,OH,41.51751,-83.04293,-5,1,"41.51751, -83.04293"
43279,Columbus,OH,39.969036,-83.011389,-5,1,"39.969036, -83.011389"
44221,Cuyahoga Falls,OH,41.141456,-81.47928,-5,1,"41.141456, -81.47928"
43502,Archbold,OH,41.529231,-84.30866,-5,1,"41.529231, -84.30866"
44866,Polk,OH,40.906577,-82.18985,-5,1,"40.906577, -82.18985"
44881,Sulphur Springs,OH,40.868645,-82.875027,-5,1,"40.868645, -82.875027"
45469,Dayton,OH,39.740509,-84.178939,-5,1,"39.740509, -84.178939"
43613,Toledo,OH,41.703899,-83.605,-5,1,"41.703899, -83.605"
45645,Kitts Hill,OH,38.557052,-82.53744,-5,1,"38.557052, -82.53744"
43105,Baltimore,OH,39.860353,-82.61356,-5,1,"39.860353, -82.61356"
44068,North Kingsville,OH,41.904594,-80.685034,-5,1,"41.904594, -80.685034"
44633,Holmesville,OH,40.630191,-81.93057,-5,1,"40.630191, -81.93057"
45131,Higginsport,OH,38.789585,-83.96705,-5,1,"38.789585, -83.96705"
45246,Cincinnati,OH,39.288558,-84.47383,-5,1,"39.288558, -84.47383"
43974,Harrisville,OH,40.18182,-80.88695,-5,1,"40.18182, -80.88695"
44053,Lorain,OH,41.431875,-82.20658,-5,1,"41.431875, -82.20658"
43220,Columbus,OH,40.047273,-83.06986,-5,1,"40.047273, -83.06986"
43552,Perrysburg,OH,41.39235,-83.648996,-5,1,"41.39235, -83.648996"
43332,La Rue,OH,40.585905,-83.3828,-5,1,"40.585905, -83.3828"
43905,Barton,OH,40.105279,-80.84292,-5,1,"40.105279, -80.84292"
44047,Jefferson,OH,41.728451,-80.74507,-5,1,"41.728451, -80.74507"
43510,Colton,OH,41.419878,-84.013674,-5,1,"41.419878, -84.013674"
43270,Columbus,OH,39.969036,-83.011389,-5,1,"39.969036, -83.011389"
43920,East Liverpool,OH,40.641545,-80.57469,-5,1,"40.641545, -80.57469"
45062,Seven Mile,OH,39.480856,-84.55382,-5,1,"39.480856, -84.55382"
44119,Cleveland,OH,41.586749,-81.54584,-5,1,"41.586749, -81.54584"
44437,McDonald,OH,41.159574,-80.73083,-5,1,"41.159574, -80.73083"
44423,Hanoverton,OH,40.75105,-80.91009,-5,1,"40.75105, -80.91009"
45642,Jasper,OH,39.047577,-83.05382,-5,1,"39.047577, -83.05382"
44301,Akron,OH,41.043955,-81.51919,-5,1,"41.043955, -81.51919"
44667,Orrville,OH,40.835059,-81.77006,-5,1,"40.835059, -81.77006"
45380,Versailles,OH,40.231735,-84.49935,-5,1,"40.231735, -84.49935"
45839,Findlay,OH,40.993263,-83.650714,-5,1,"40.993263, -83.650714"
43221,Columbus,OH,40.02063,-83.07655,-5,1,"40.02063, -83.07655"
45801,Lima,OH,40.759451,-84.08458,-5,1,"40.759451, -84.08458"
45252,Cincinnati,OH,39.282824,-84.62514,-5,1,"39.282824, -84.62514"
45788,Whipple,OH,39.5103,-81.37669,-5,1,"39.5103, -81.37669"
44612,Bolivar,OH,40.643724,-81.45442,-5,1,"40.643724, -81.45442"
45154,Mount Orab,OH,39.046589,-83.92245,-5,1,"39.046589, -83.92245"
43906,Bellaire,OH,40.01558,-80.76343,-5,1,"40.01558, -80.76343"
43007,Broadway,OH,40.340633,-83.416306,-5,1,"40.340633, -83.416306"
43311,Bellefontaine,OH,40.365923,-83.75816,-5,1,"40.365923, -83.75816"
45167,Ripley,OH,38.763305,-83.8075,-5,1,"38.763305, -83.8075"
45744,Lowell,OH,39.533021,-81.50986,-5,1,"39.533021, -81.50986"
43019,Fredericktown,OH,40.493191,-82.56998,-5,1,"40.493191, -82.56998"
43230,Columbus,OH,40.039963,-82.87855,-5,1,"40.039963, -82.87855"
43442,Lindsey,OH,41.425328,-83.2253,-5,1,"41.425328, -83.2253"
45851,Haviland,OH,41.030911,-84.60213,-5,1,"41.030911, -84.60213"
43907,Cadiz,OH,40.258447,-81.00415,-5,1,"40.258447, -81.00415"
44685,Uniontown,OH,40.961206,-81.42516,-5,1,"40.961206, -81.42516"
45064,Somerville,OH,39.562415,-84.6169,-5,1,"39.562415, -84.6169"
43757,Malaga,OH,39.859373,-81.151604,-5,1,"39.859373, -81.151604"
44122,Beachwood,OH,41.472881,-81.52209,-5,1,"41.472881, -81.52209"
45070,West Elkton,OH,39.588878,-84.55562,-5,1,"39.588878, -84.55562"
45402,Dayton,OH,39.757758,-84.18848,-5,1,"39.757758, -84.18848"
44134,Cleveland,OH,41.393852,-81.70507,-5,1,"41.393852, -81.70507"
44411,Deerfield,OH,41.024608,-81.05025,-5,1,"41.024608, -81.05025"
45324,Fairborn,OH,39.808909,-84.01972,-5,1,"39.808909, -84.01972"
45830,Columbus Grove,OH,40.900986,-84.06783,-5,1,"40.900986, -84.06783"
43822,Frazeysburg,OH,40.161484,-82.16324,-5,1,"40.161484, -82.16324"
44253,Litchfield,OH,41.161459,-82.03333,-5,1,"41.161459, -82.03333"
44870,Sandusky,OH,41.42646,-82.71083,-5,1,"41.42646, -82.71083"
44613,Brewster,OH,40.712109,-81.59859,-5,1,"40.712109, -81.59859"
43145,New Holland,OH,39.555409,-83.26409,-5,1,"39.555409, -83.26409"
43224,Columbus,OH,40.039914,-82.96772,-5,1,"40.039914, -82.96772"
43901,Adena,OH,40.223285,-80.87017,-5,1,"40.223285, -80.87017"
44826,Collins,OH,41.227648,-82.48061,-5,1,"41.227648, -82.48061"
45859,McGuffey,OH,40.691866,-83.78457,-5,1,"40.691866, -83.78457"
45318,Covington,OH,40.123474,-84.35433,-5,1,"40.123474, -84.35433"
45371,Tipp City,OH,39.954239,-84.17685,-5,1,"39.954239, -84.17685"
43236,Columbus,OH,40.135711,-83.007626,-5,1,"40.135711, -83.007626"
45806,Lima,OH,40.668448,-84.1331,-5,1,"40.668448, -84.1331"
45328,Gettysburg,OH,40.112545,-84.49314,-5,1,"40.112545, -84.49314"
45650,Lynx,OH,38.746506,-83.40878,-5,1,"38.746506, -83.40878"
44311,Akron,OH,41.063055,-81.51906,-5,1,"41.063055, -81.51906"
43931,Hannibal,OH,39.676317,-80.891369,-5,1,"39.676317, -80.891369"
45301,Alpha,OH,39.711173,-84.02323,-5,1,"39.711173, -84.02323"
43553,Pettisville,OH,41.531159,-84.22716,-5,1,"41.531159, -84.22716"
45844,Fort Jennings,OH,40.914909,-84.28717,-5,1,"40.914909, -84.28717"
43029,Irwin,OH,40.108356,-83.44868,-5,1,"40.108356, -83.44868"
44097,Eastlake,OH,41.910676,-81.249027,-5,1,"41.910676, -81.249027"
45502,Springfield,OH,39.926617,-83.8128,-5,1,"39.926617, -83.8128"
45322,Englewood,OH,39.877745,-84.30999,-5,1,"39.877745, -84.30999"
45817,Bluffton,OH,40.886803,-83.89259,-5,1,"40.886803, -83.89259"
43436,Isle Saint George,OH,41.715332,-82.822697,-5,1,"41.715332, -82.822697"
44140,Bay Village,OH,41.484193,-81.92658,-5,1,"41.484193, -81.92658"
44619,Damascus,OH,40.901738,-80.95723,-5,1,"40.901738, -80.95723"
45712,Barlow,OH,39.40032,-81.66209,-5,1,"39.40032, -81.66209"
45895,Wapakoneta,OH,40.56914,-84.17288,-5,1,"40.56914, -84.17288"
43522,Grand Rapids,OH,41.427352,-83.84944,-5,1,"41.427352, -83.84944"
43628,Howard,OH,40.44652,-82.329486,-5,1,"40.44652, -82.329486"
44086,Thompson,OH,41.674336,-81.05753,-5,1,"41.674336, -81.05753"
44104,Cleveland,OH,41.484001,-81.62702,-5,1,"41.484001, -81.62702"
44195,Cleveland,OH,41.685744,-81.672797,-5,1,"41.685744, -81.672797"
44242,Kent,OH,41.170006,-81.196615,-5,1,"41.170006, -81.196615"
45041,Miamitown,OH,39.213282,-84.70421,-5,1,"39.213282, -84.70421"
45018,Fairfield,OH,39.440956,-84.575746,-5,1,"39.440956, -84.575746"
44805,Ashland,OH,40.867016,-82.31514,-5,1,"40.867016, -82.31514"
44050,Lagrange,OH,41.259352,-82.13542,-5,1,"41.259352, -82.13542"
45433,Dayton,OH,39.813743,-84.05898,-5,1,"39.813743, -84.05898"
43926,Empire,OH,40.510729,-80.62344,-5,1,"40.510729, -80.62344"
44144,Cleveland,OH,41.437018,-81.73488,-5,1,"41.437018, -81.73488"
44129,Cleveland,OH,41.397701,-81.73575,-5,1,"41.397701, -81.73575"
43505,Blakeslee,OH,41.523945,-84.730275,-5,1,"41.523945, -84.730275"
43045,Milford Center,OH,40.179696,-83.44266,-5,1,"40.179696, -83.44266"
44624,Dundee,OH,40.600062,-81.65174,-5,1,"40.600062, -81.65174"
45435,Dayton,OH,39.750471,-84.268593,-5,1,"39.750471, -84.268593"
43541,Milton Center,OH,41.301347,-83.82923,-5,1,"41.301347, -83.82923"
43721,Brownsville,OH,39.946713,-82.25642,-5,1,"39.946713, -82.25642"
43414,Dunbridge,OH,41.39235,-83.648996,-5,1,"41.39235, -83.648996"
44864,Perrysville,OH,40.66496,-82.31994,-5,1,"40.66496, -82.31994"
44688,Waynesburg,OH,40.67926,-81.26003,-5,1,"40.67926, -81.26003"
44045,Grand River,OH,41.742693,-81.282125,-5,1,"41.742693, -81.282125"
45144,Manchester,OH,38.690566,-83.61925,-5,1,"38.690566, -83.61925"
45381,West Alexandria,OH,39.730506,-84.53052,-5,1,"39.730506, -84.53052"
44312,Akron,OH,41.034156,-81.43944,-5,1,"41.034156, -81.43944"
44328,Akron,OH,41.075955,-81.520588,-5,1,"41.075955, -81.520588"
44661,Nashville,OH,40.596018,-82.11317,-5,1,"40.596018, -82.11317"
43758,Malta,OH,39.621481,-81.91737,-5,1,"39.621481, -81.91737"
45220,Cincinnati,OH,39.14426,-84.51986,-5,1,"39.14426, -84.51986"
45315,Clayton,OH,39.853674,-84.34125,-5,1,"39.853674, -84.34125"
43447,Millbury,OH,41.5678,-83.433,-5,1,"41.5678, -83.433"
44197,Cleveland,OH,41.685744,-81.672797,-5,1,"41.685744, -81.672797"
43530,Jewell,OH,41.325764,-84.279306,-5,1,"41.325764, -84.279306"
44844,McCutchenville,OH,40.990406,-83.26087,-5,1,"40.990406, -83.26087"
45210,Cincinnati,OH,39.11226,-84.51439,-5,1,"39.11226, -84.51439"
45420,Dayton,OH,39.723909,-84.13453,-5,1,"39.723909, -84.13453"
43037,Martinsburg,OH,40.27453,-82.34436,-5,1,"40.27453, -82.34436"
43301,Marion,OH,40.616604,-83.069296,-5,1,"40.616604, -83.069296"
44065,Newbury,OH,41.469908,-81.24579,-5,1,"41.469908, -81.24579"
44666,North Lawrence,OH,40.840256,-81.62724,-5,1,"40.840256, -81.62724"
43268,Columbus,OH,39.969036,-83.011389,-5,1,"39.969036, -83.011389"
43526,Hicksville,OH,41.30569,-84.74496,-5,1,"41.30569, -84.74496"
43306,Marion,OH,40.56941,-83.139341,-5,1,"40.56941, -83.139341"
44235,Homerville,OH,41.028815,-82.11496,-5,1,"41.028815, -82.11496"
44446,Niles,OH,41.186257,-80.75297,-5,1,"41.186257, -80.75297"
44867,Republic,OH,41.140139,-82.99802,-5,1,"41.140139, -82.99802"
45631,Gallipolis,OH,38.825478,-82.22755,-5,1,"38.825478, -82.22755"
43076,Thornville,OH,39.909915,-82.41013,-5,1,"39.909915, -82.41013"
44278,Tallmadge,OH,41.093156,-81.42692,-5,1,"41.093156, -81.42692"
43357,West Liberty,OH,40.254824,-83.751,-5,1,"40.254824, -83.751"
43148,Pleasantville,OH,39.816577,-82.50791,-5,1,"39.816577, -82.50791"
44511,Youngstown,OH,41.069158,-80.69134,-5,1,"41.069158, -80.69134"
44659,Mount Eaton,OH,40.694887,-81.70227,-5,1,"40.694887, -81.70227"
44883,Tiffin,OH,41.12071,-83.17658,-5,1,"41.12071, -83.17658"
45745,Lower Salem,OH,39.611675,-81.34495,-5,1,"39.611675, -81.34495"
43963,Tiltonsville,OH,40.170721,-80.69768,-5,1,"40.170721, -80.69768"
44442,New Middletown,OH,40.966908,-80.55862,-5,1,"40.966908, -80.55862"
44690,Winesburg,OH,40.616646,-81.6953,-5,1,"40.616646, -81.6953"
45270,Cincinnati,OH,39.166759,-84.53822,-5,1,"39.166759, -84.53822"
43026,Hilliard,OH,40.021665,-83.14762,-5,1,"40.021665, -83.14762"
44127,Cleveland,OH,41.469951,-81.65009,-5,1,"41.469951, -81.65009"
45247,Cincinnati,OH,39.209208,-84.64363,-5,1,"39.209208, -84.64363"
44614,Canal Fulton,OH,40.886688,-81.58327,-5,1,"40.886688, -81.58327"
45206,Cincinnati,OH,39.127527,-84.48832,-5,1,"39.127527, -84.48832"
45303,Ansonia,OH,40.215278,-84.6477,-5,1,"40.215278, -84.6477"
43602,Toledo,OH,41.646649,-83.54935,-5,1,"41.646649, -83.54935"
44837,Greenwich,OH,41.020433,-82.50097,-5,1,"41.020433, -82.50097"
45306,Botkins,OH,40.464571,-84.18763,-5,1,"40.464571, -84.18763"
45146,Martinsville,OH,39.32006,-83.79841,-5,1,"39.32006, -83.79841"
44082,Pierpont,OH,41.759503,-80.56995,-5,1,"41.759503, -80.56995"
44304,Akron,OH,41.081788,-81.50745,-5,1,"41.081788, -81.50745"
45501,Springfield,OH,39.927059,-83.813228,-5,1,"39.927059, -83.813228"
44123,Euclid,OH,41.602498,-81.52357,-5,1,"41.602498, -81.52357"
45132,Highland,OH,39.344299,-83.59926,-5,1,"39.344299, -83.59926"
44444,Newton Falls,OH,41.188981,-80.96964,-5,1,"41.188981, -80.96964"
43048,Mount Liberty,OH,40.406113,-82.465777,-5,1,"40.406113, -82.465777"
43050,Mount Vernon,OH,40.385636,-82.48254,-5,1,"40.385636, -82.48254"
44493,Winona,OH,40.828584,-80.896714,-5,1,"40.828584, -80.896714"
45015,Hamilton,OH,39.367106,-84.55053,-5,1,"39.367106, -84.55053"
44258,Medina,OH,41.127594,-81.841079,-5,1,"41.127594, -81.841079"
44310,Akron,OH,41.107655,-81.50091,-5,1,"41.107655, -81.50091"
44621,Dennison,OH,40.410604,-81.31633,-5,1,"40.410604, -81.31633"
45458,Dayton,OH,39.60828,-84.16413,-5,1,"39.60828, -84.16413"
45829,Crane,OH,41.163632,-84.612173,-5,1,"41.163632, -84.612173"
44265,Randolph,OH,41.010907,-81.297727,-5,1,"41.010907, -81.297727"
44699,Tippecanoe,OH,40.283493,-81.28215,-5,1,"40.283493, -81.28215"
45043,Middletown,OH,39.440956,-84.575746,-5,1,"39.440956, -84.575746"
45168,Russellville,OH,38.850094,-83.77254,-5,1,"38.850094, -83.77254"
43017,Dublin,OH,40.109478,-83.12713,-5,1,"40.109478, -83.12713"
44234,Hiram,OH,41.337187,-81.16699,-5,1,"41.337187, -81.16699"
44710,Canton,OH,40.791108,-81.41672,-5,1,"40.791108, -81.41672"
45416,Dayton,OH,39.805207,-84.25804,-5,1,"39.805207, -84.25804"
45390,Union City,OH,40.20451,-84.78292,-5,1,"40.20451, -84.78292"
43147,Pickerington,OH,39.904288,-82.756,-5,1,"39.904288, -82.756"
44845,Melmore,OH,41.024204,-83.109783,-5,1,"41.024204, -83.109783"
